{"stats":{"minecraft:crafted":{"minecraft:wooden_sword":1,"biomesoplenty:dead_planks":124,"biomesoplenty:dead_boat":1,"minecraft:crafting_table":1,"minecraft:stick":60,"minecraft:wooden_pickaxe":1,"minecraft:wooden_axe":1},"minecraft:custom":{"minecraft:time_since_rest":13597,"minecraft:crouch_one_cm":1075,"minecraft:play_time":13597,"minecraft:sprint_one_cm":33429,"tombstone:undead_killed":1,"minecraft:damage_taken":10,"minecraft:walk_one_cm":15204,"minecraft:sneak_time":750,"minecraft:mob_kills":1,"minecraft:jump":100,"minecraft:damage_dealt":365,"minecraft:time_since_death":13597,"minecraft:total_world_time":13597,"minecraft:fall_one_cm":2901,"minecraft:interact_with_crafting_table":2,"minecraft:fly_one_cm":16658,"lootr:looted_stat":1},"minecraft:used":{"minecraft:wooden_axe":50,"minecraft:wooden_sword":4,"minecraft:crafting_table":2,"alexsmobs:animal_dictionary":1,"biomesoplenty:dead_log":2},"minecraft:killed":{"born_in_chaos_v1:decrepit_skeleton":1},"minecraft:mined":{"biomesoplenty:dead_log":20,"biomesoplenty:dried_salt":4,"minecraft:oak_planks":1,"minecraft:tnt":3,"treechop:chopped_log":3,"minecraft:crafting_table":3},"minecraft:picked_up":{"minecraft:item_frame":4,"apotheosis:gem":4,"minecraft:stick":4,"minecraft:crafting_table":3,"minecraft:rotten_flesh":2,"biomesoplenty:dried_salt":4,"biomesoplenty:dead_sapling":3,"biomesoplenty:dead_log":86,"minecraft:bone":1,"minecraft:oak_planks":1,"minecraft:tnt":3},"minecraft:broken":{"minecraft:wooden_axe":1}},"DataVersion":3465}