{"stats":{"minecraft:custom":{"lootr:looted_stat":90,"minecraft:mob_kills":35,"tombstone:raider_killed":5,"minecraft:interact_with_crafting_table":10,"minecraft:damage_dealt_resisted":750,"minecraft:time_since_death":20591,"minecraft:climb_one_cm":5835,"minecraft:damage_resisted":12,"minecraft:time_since_rest":19651,"minecraft:sprint_one_cm":387940,"minecraft:damage_taken":2822,"minecraft:walk_one_cm":463358,"minecraft:drop":81,"minecraft:damage_dealt":4983,"minecraft:player_kills":1,"minecraft:fly_one_cm":159765,"minecraft:crouch_one_cm":1832,"minecraft:play_time":97597,"minecraft:deaths":2,"tombstone:undead_killed":9,"minecraft:sneak_time":1071,"minecraft:jump":391,"minecraft:interact_with_brewingstand":1,"minecraft:walk_on_water_one_cm":1021,"minecraft:total_world_time":97597,"minecraft:fall_one_cm":15718},"minecraft:crafted":{"minecraft:red_dye":1,"minecraft:wooden_sword":1,"biomesoplenty:dead_planks":124,"minecraft:crafting_table":1,"minecraft:wooden_pickaxe":1,"biomesoplenty:dead_boat":1,"minecraft:bread":204,"minecraft:iron_axe":1,"minecraft:stick":64,"minecraft:iron_pickaxe":1,"minecraft:wooden_axe":3,"sophisticatedbackpacks:netherite_backpack":1,"minecraft:wheat":522},"minecraft:used":{"minecraft:wooden_pickaxe":10,"piglet_structures:jar_of_hot_pepper_comfitures":1,"minecraft:crafting_table":5,"biomesoplenty:dead_planks":2,"biomesoplenty:dead_boat":1,"minecraft:wooden_axe":58,"minecraft:iron_axe":5,"minecraft:bread":46,"minecraft:iron_pickaxe":6,"minecraft:iron_boots":1,"minecraft:wooden_sword":4,"tombstone:gift":1,"simplyswords:runic_twinblade":7,"alexsmobs:animal_dictionary":1,"biomesoplenty:dead_log":2,"simplyswords:runic_scythe":59},"minecraft:killed":{"born_in_chaos_v1:fallen_chaos_knight":1,"minecraft:husk":3,"minecraft:spider":1,"piglet_structures:pillager_scientist":5,"born_in_chaos_v1:decrepit_skeleton":3,"minecraft:skeleton":1,"minecraft:pillager":5,"minecraft:zombie":1,"born_in_chaos_v1:dread_hound":2,"alexsmobs:roadrunner":1},"minecraft:dropped":{"minecraft:bread":49,"biomesoplenty:dead_planks":4,"piglet_structures:sack_of_greed":2,"relics:hunter_belt":1,"alexsmobs:animal_dictionary":1,"piglet_structures:glass_jar":1,"minecraft:wheat":1,"born_in_chaos_v1:rotten_fish":2,"tombstone:gift":1,"minecraft:book":2,"minecraft:rotten_flesh":15,"relics:infinity_ham":1,"minecraft:oak_planks":2,"relics:horse_flute":2,"patchouli:guide_book":4,"minecraft:chainmail_chestplate":1,"minecraft:item_frame":24,"born_in_chaos_v1:monster_flesh":2,"minecraft:dirt":4,"minecraft:poppy":6,"simplyswords:runic_twinblade":1,"born_in_chaos_v1:gnawed_bones":2,"relics:magic_mirror":2,"relics:leather_belt":1,"minecraft:shield":2,"minecraft:trident":2,"relics:roller_skates":1,"simplyswords:gold_longsword":1,"born_in_chaos_v1:corpse_maggot":1,"minecraft:wooden_axe":1,"apotheosis:gem":12,"tombstone:grave_dust":2,"irons_spellbooks:arcane_essence":6,"minecraft:slime_ball":3,"minecraft:wooden_pickaxe":1,"minecraft:paper":12,"relics:spatial_sign":1,"biomesoplenty:dead_log":27,"alexsmobs:mosquito_larva":2,"minecraft:bone":5},"minecraft:mined":{"minecraft:smithing_table":1,"minecraft:crafting_table":6,"minecraft:ladder":2,"minecraft:blast_furnace":6,"minecraft:grass_block":2,"minecraft:poppy":6,"minecraft:coal_block":3,"biomesoplenty:dried_salt":4,"biomesoplenty:sprout":4,"minecraft:damaged_anvil":1,"minecraft:oak_planks":3,"minecraft:blue_bed":1,"minecraft:spawner":3,"minecraft:hay_block":67,"minecraft:tnt":9,"treechop:chopped_log":3,"minecraft:gold_block":1,"minecraft:grass":5,"biomesoplenty:dead_log":20,"minecraft:vine":2,"minecraft:iron_bars":2},"minecraft:picked_up":{"born_in_chaos_v1:corpse_maggot":1,"irons_spellbooks:scroll":1,"piglet_structures:sack_of_greed":1,"minecraft:crafting_table":6,"relics:roller_skates":2,"born_in_chaos_v1:monster_flesh":2,"illagerinvasion:platinum_chunk":4,"minecraft:ladder":2,"biomesoplenty:dried_salt":4,"minecraft:smithing_table":1,"biomesoplenty:dead_log":86,"minecraft:gold_block":1,"minecraft:shield":1,"minecraft:dirt":4,"relics:midnight_robe":1,"ramcompat:tendon_lump":1,"alexsmobs:mosquito_larva":2,"relics:leather_belt":2,"minecraft:blue_bed":1,"minecraft:paper":6,"tombstone:gift":1,"minecraft:item_frame":24,"minecraft:bone":5,"biomesoplenty:dead_sapling":3,"irons_spellbooks:arcane_essence":3,"irons_spellbooks:blood_vial":4,"born_in_chaos_v1:gnawed_bones":2,"alexscaves:diving_leggings":1,"relics:infinity_ham":1,"minecraft:poppy":9,"minecraft:coal_block":3,"minecraft:oak_planks":3,"minecraft:iron_boots":1,"minecraft:book":2,"minecraft:stick":4,"apotheosis:gem":22,"minecraft:sculk":10,"alexscaves:primordial_pants":1,"piglet_structures:wheatbug_scales":2,"biomesoplenty:dead_planks":1,"minecraft:amethyst_shard":1,"minecraft:trident":1,"minecraft:blast_furnace":6,"tombstone:grave_dust":2,"born_in_chaos_v1:pieceofdarkmetal":4,"piglet_structures:spider_wand":1,"minecraft:goat_horn":1,"minecraft:tnt":9,"piglet_structures:skulk_poison_flask":6,"minecraft:rotten_flesh":15,"piglet_structures:spider_amulet":1,"minecraft:hay_block":66,"minecraft:emerald":4,"alexscaves:primordial_tunic":1,"minecraft:bread":22,"born_in_chaos_v1:rotten_fish":2,"minecraft:damaged_anvil":1,"minecraft:iron_bars":2},"minecraft:killed_by":{"minecraft:vindicator":1,"minecraft:player":1},"minecraft:broken":{"minecraft:wooden_axe":1}},"DataVersion":3465}