{"stats":{"minecraft:custom":{"lootr:looted_stat":87,"minecraft:mob_kills":25,"tombstone:raider_killed":5,"minecraft:interact_with_crafting_table":10,"minecraft:damage_dealt_resisted":281,"minecraft:time_since_death":8591,"minecraft:climb_one_cm":5835,"minecraft:damage_resisted":0,"minecraft:time_since_rest":7651,"minecraft:sprint_one_cm":257074,"minecraft:damage_taken":2277,"minecraft:walk_one_cm":390724,"minecraft:drop":44,"minecraft:damage_dealt":4147,"minecraft:player_kills":1,"minecraft:fly_one_cm":108079,"minecraft:crouch_one_cm":1605,"minecraft:play_time":85597,"minecraft:deaths":2,"tombstone:undead_killed":7,"minecraft:sneak_time":1015,"minecraft:jump":314,"minecraft:interact_with_brewingstand":1,"minecraft:walk_on_water_one_cm":1021,"minecraft:total_world_time":85597,"minecraft:fall_one_cm":8498},"minecraft:crafted":{"minecraft:red_dye":1,"minecraft:wooden_sword":1,"biomesoplenty:dead_planks":124,"minecraft:crafting_table":1,"minecraft:wooden_pickaxe":1,"biomesoplenty:dead_boat":1,"minecraft:bread":204,"minecraft:iron_axe":1,"minecraft:stick":64,"minecraft:iron_pickaxe":1,"minecraft:wooden_axe":3,"sophisticatedbackpacks:netherite_backpack":1,"minecraft:wheat":522},"minecraft:used":{"minecraft:wooden_pickaxe":10,"minecraft:crafting_table":5,"biomesoplenty:dead_planks":2,"biomesoplenty:dead_boat":1,"minecraft:wooden_axe":58,"minecraft:iron_axe":1,"minecraft:bread":36,"minecraft:iron_pickaxe":5,"minecraft:iron_boots":1,"minecraft:wooden_sword":4,"tombstone:gift":1,"simplyswords:runic_twinblade":7,"alexsmobs:animal_dictionary":1,"biomesoplenty:dead_log":2,"simplyswords:runic_scythe":43},"minecraft:killed":{"born_in_chaos_v1:fallen_chaos_knight":1,"minecraft:husk":2,"minecraft:spider":1,"piglet_structures:pillager_scientist":5,"born_in_chaos_v1:decrepit_skeleton":3,"minecraft:skeleton":1,"minecraft:pillager":5,"born_in_chaos_v1:dread_hound":1},"minecraft:dropped":{"minecraft:bread":49,"piglet_structures:sack_of_greed":2,"relics:hunter_belt":1,"alexsmobs:animal_dictionary":1,"born_in_chaos_v1:rotten_fish":2,"tombstone:gift":1,"minecraft:book":2,"minecraft:rotten_flesh":9,"relics:infinity_ham":1,"minecraft:oak_planks":1,"patchouli:guide_book":4,"minecraft:chainmail_chestplate":1,"minecraft:item_frame":12,"minecraft:poppy":2,"simplyswords:runic_twinblade":1,"relics:leather_belt":1,"minecraft:shield":2,"relics:roller_skates":1,"minecraft:wooden_axe":1,"tombstone:grave_dust":2,"irons_spellbooks:arcane_essence":6,"minecraft:slime_ball":3,"minecraft:wooden_pickaxe":1,"minecraft:paper":12,"biomesoplenty:dead_log":27,"alexsmobs:mosquito_larva":2,"minecraft:bone":3},"minecraft:mined":{"minecraft:smithing_table":1,"minecraft:crafting_table":6,"minecraft:ladder":2,"minecraft:blast_furnace":6,"minecraft:poppy":6,"minecraft:coal_block":3,"biomesoplenty:dried_salt":4,"biomesoplenty:sprout":4,"minecraft:damaged_anvil":1,"minecraft:oak_planks":2,"minecraft:blue_bed":1,"minecraft:spawner":2,"minecraft:hay_block":67,"minecraft:tnt":6,"treechop:chopped_log":3,"minecraft:gold_block":1,"minecraft:grass":3,"biomesoplenty:dead_log":20,"minecraft:vine":2,"minecraft:iron_bars":2},"minecraft:picked_up":{"irons_spellbooks:scroll":1,"piglet_structures:sack_of_greed":1,"minecraft:crafting_table":6,"relics:roller_skates":2,"illagerinvasion:platinum_chunk":4,"minecraft:ladder":2,"biomesoplenty:dried_salt":4,"minecraft:smithing_table":1,"biomesoplenty:dead_log":86,"minecraft:gold_block":1,"minecraft:shield":1,"relics:midnight_robe":1,"ramcompat:tendon_lump":1,"alexsmobs:mosquito_larva":2,"relics:leather_belt":2,"minecraft:blue_bed":1,"minecraft:paper":6,"tombstone:gift":1,"minecraft:item_frame":16,"minecraft:bone":5,"biomesoplenty:dead_sapling":3,"irons_spellbooks:arcane_essence":3,"irons_spellbooks:blood_vial":4,"alexscaves:diving_leggings":1,"relics:infinity_ham":1,"minecraft:poppy":7,"minecraft:coal_block":3,"minecraft:oak_planks":2,"minecraft:iron_boots":1,"minecraft:book":2,"minecraft:stick":4,"apotheosis:gem":18,"minecraft:sculk":10,"alexscaves:primordial_pants":1,"biomesoplenty:dead_planks":1,"minecraft:amethyst_shard":1,"minecraft:blast_furnace":6,"tombstone:grave_dust":2,"born_in_chaos_v1:pieceofdarkmetal":4,"piglet_structures:spider_wand":1,"minecraft:goat_horn":1,"minecraft:tnt":6,"piglet_structures:skulk_poison_flask":6,"minecraft:rotten_flesh":12,"piglet_structures:spider_amulet":1,"minecraft:hay_block":66,"minecraft:emerald":4,"alexscaves:primordial_tunic":1,"minecraft:bread":22,"born_in_chaos_v1:rotten_fish":2,"minecraft:damaged_anvil":1,"minecraft:iron_bars":2},"minecraft:killed_by":{"minecraft:vindicator":1,"minecraft:player":1},"minecraft:broken":{"minecraft:wooden_axe":1}},"DataVersion":3465}