{"stats":{"minecraft:crafted":{"minecraft:wooden_sword":1,"minecraft:coal":18,"minecraft:iron_axe":1,"minecraft:wheat":522,"minecraft:red_dye":1,"biomesoplenty:dead_planks":124,"minecraft:crafting_table":1,"minecraft:wooden_pickaxe":1,"biomesoplenty:dead_boat":1,"minecraft:bread":230,"minecraft:stick":64,"minecraft:iron_pickaxe":1,"minecraft:wooden_axe":3,"sophisticatedbackpacks:netherite_backpack":1,"minecraft:torch":72},"minecraft:custom":{"lootr:looted_stat":154,"minecraft:mob_kills":72,"minecraft:interact_with_crafting_table":11,"minecraft:damage_dealt_resisted":750,"minecraft:time_since_death":8526,"minecraft:climb_one_cm":11987,"minecraft:damage_resisted":12,"minecraft:sprint_one_cm":774830,"minecraft:walk_one_cm":848149,"minecraft:drop":172,"minecraft:play_time":187597,"minecraft:deaths":3,"minecraft:sneak_time":2816,"minecraft:interact_with_brewingstand":1,"minecraft:jump":904,"minecraft:walk_on_water_one_cm":1021,"minecraft:total_world_time":187597,"tombstone:raider_killed":19,"minecraft:time_since_rest":6420,"minecraft:waystone_activated":2,"minecraft:damage_taken":5433,"minecraft:damage_dealt":10735,"minecraft:fly_one_cm":300967,"minecraft:player_kills":1,"minecraft:crouch_one_cm":4774,"tombstone:undead_killed":16,"minecraft:aviate_one_cm":25266,"minecraft:fall_one_cm":51178},"minecraft:used":{"minecraft:iron_shovel":13,"minecraft:spruce_slab":1,"piglet_structures:jar_of_hot_pepper_comfitures":1,"minecraft:torch":2,"biomesoplenty:dead_boat":1,"minecraft:brown_terracotta":1,"minecraft:wooden_axe":58,"minecraft:iron_axe":17,"minecraft:iron_boots":1,"tombstone:gift":6,"simplyswords:runic_twinblade":7,"biomesoplenty:dead_log":2,"minecraft:diorite":2,"minecraft:oak_planks":6,"minecraft:wooden_pickaxe":10,"minecraft:cut_sandstone":1,"minecraft:sand":20,"minecraft:terracotta":3,"minecraft:crafting_table":6,"biomesoplenty:dead_planks":31,"minecraft:birch_fence":1,"piglet_structures:jar_of_floatberry_comfitures":1,"minecraft:bread":94,"minecraft:iron_pickaxe":71,"minecraft:wooden_sword":4,"piglet_structures:jar_of_comfitures_reviewberry":2,"alexsmobs:animal_dictionary":1,"minecraft:experience_bottle":8,"simplyswords:runic_scythe":131},"minecraft:killed":{"minecraft:witch":1,"born_in_chaos_v1:zombie_lumberjack":1,"minecraft:spider":1,"piglet_structures:pillager_scientist":5,"born_in_chaos_v1:maggot":1,"minecraft:skeleton":4,"born_in_chaos_v1:corpse_fish":1,"cataclysm:koboleton":1,"born_in_chaos_v1:fallen_chaos_knight":1,"minecraft:husk":3,"minecraft:creeper":1,"born_in_chaos_v1:decrepit_skeleton":3,"minecraft:pillager":16,"minecraft:zombie":3,"born_in_chaos_v1:dread_hound":2,"born_in_chaos_v1:corpse_fly":1,"alexsmobs:roadrunner":1},"minecraft:dropped":{"minecraft:enchanted_book":2,"piglet_structures:skulk_poison_flask":4,"farmersdelight:iron_knife":3,"minecraft:bread":49,"biomesoplenty:dead_planks":4,"piglet_structures:wheatbug_scales":2,"minecraft:crossbow":1,"relics:infinity_ham":1,"minecraft:book":2,"piglet_structures:ring_of_unpredictable_wrath":1,"relics:horse_flute":3,"minecraft:saddle":1,"minecraft:item_frame":41,"born_in_chaos_v1:monster_flesh":2,"minecraft:dirt":6,"born_in_chaos_v1:gnawed_bones":2,"relics:leather_belt":1,"farmersdelight:golden_knife":1,"minecraft:sculk":10,"beachparty:overgrown_disc":1,"relics:roller_skates":2,"minecraft:wooden_axe":1,"minecraft:cut_sandstone":1,"tombstone:grave_dust":5,"minecraft:iron_leggings":1,"irons_spellbooks:arcane_essence":6,"minecraft:sand":16,"minecraft:iron_axe":2,"minecraft:iron_pickaxe":1,"minecraft:chainmail_leggings":2,"minecraft:paper":12,"minecraft:smooth_sandstone":4,"minecraft:bone":7,"minecraft:redstone":1,"biomesoplenty:dried_salt":2,"piglet_structures:sack_of_greed":2,"relics:hunter_belt":1,"alexsmobs:animal_dictionary":1,"piglet_structures:glass_jar":5,"piglet_structures:dry_flesh":1,"minecraft:wheat":3,"piglet_structures:jar_of_groundberry_comfitures":1,"tombstone:gift":1,"born_in_chaos_v1:rotten_fish":2,"minecraft:rotten_flesh":17,"artifacts:villager_hat":1,"minecraft:iron_boots":1,"alexscaves:diving_chestplate":1,"minecraft:oak_planks":3,"minecraft:iron_hoe":1,"ramcompat:tendon_lump":1,"beautify:hanging_pot":3,"piglet_structures:silverfish_scales":4,"patchouli:guide_book":4,"minecraft:chainmail_chestplate":1,"minecraft:sandstone_wall":1,"minecraft:poppy":6,"simplyswords:runic_twinblade":1,"minecraft:shield":3,"relics:magic_mirror":2,"minecraft:trident":2,"minecraft:spruce_trapdoor":1,"simplyswords:gold_longsword":1,"minecraft:jungle_log":2,"born_in_chaos_v1:corpse_maggot":2,"apotheosis:gem":42,"minecraft:chainmail_boots":1,"minecraft:spider_eye":1,"minecraft:slime_ball":3,"minecraft:wooden_pickaxe":1,"relics:spatial_sign":1,"biomesoplenty:dead_log":27,"alexsmobs:mosquito_larva":2,"minecraft:terracotta":1},"minecraft:mined":{"minecraft:yellow_terracotta":1,"minecraft:spruce_trapdoor":1,"minecraft:ladder":2,"minecraft:grass_block":3,"minecraft:coal_block":6,"biomesoplenty:dried_salt":6,"biomesoplenty:dead_grass":2,"minecraft:sandstone":27,"biomesoplenty:dune_grass":1,"minecraft:spawner":3,"minecraft:hay_block":123,"treechop:chopped_log":3,"minecraft:gold_block":1,"minecraft:vine":3,"minecraft:iron_bars":2,"minecraft:spruce_slab":1,"minecraft:smithing_table":1,"minecraft:cut_sandstone":2,"minecraft:orange_terracotta":1,"minecraft:smooth_sandstone":4,"minecraft:crafting_table":7,"minecraft:blast_furnace":6,"minecraft:poppy":6,"biomesoplenty:sprout":4,"minecraft:potted_oak_sapling":1,"minecraft:oak_planks":11,"minecraft:damaged_anvil":1,"minecraft:diorite":2,"minecraft:blue_bed":1,"minecraft:red_terracotta":1,"minecraft:tnt":18,"minecraft:grass":7,"biomesoplenty:dead_log":20,"minecraft:sand":36,"minecraft:sandstone_wall":1,"minecraft:brown_terracotta":2,"minecraft:terracotta":15,"minecraft:birch_fence":1},"minecraft:picked_up":{"irons_spellbooks:scroll":1,"minecraft:crafting_table":7,"minecraft:chainmail_boots":1,"illagerinvasion:platinum_chunk":7,"minecraft:ladder":2,"minecraft:flower_pot":1,"minecraft:smithing_table":1,"minecraft:gold_block":1,"minecraft:enchanted_book":1,"minecraft:shield":1,"relics:leather_belt":2,"ramcompat:tendon_lump":1,"minecraft:item_frame":45,"minecraft:birch_fence":1,"piglet_structures:dry_flesh":1,"irons_spellbooks:arcane_essence":3,"biomesoplenty:dead_sapling":3,"born_in_chaos_v1:gnawed_bones":2,"minecraft:poppy":9,"minecraft:spruce_slab":1,"minecraft:coal_block":6,"minecraft:spruce_trapdoor":1,"minecraft:iron_boots":1,"minecraft:stick":4,"apotheosis:gem":40,"minecraft:brown_terracotta":2,"alexscaves:primordial_pants":1,"minecraft:sandstone_wall":1,"tombstone:grave_dust":4,"minecraft:diorite":2,"born_in_chaos_v1:pieceofdarkmetal":4,"minecraft:trident":1,"minecraft:redstone":1,"minecraft:goat_horn":1,"cosmeticarmoursmod:witches_hat_helmet":1,"minecraft:tnt":17,"minecraft:arrow":4,"piglet_structures:skulk_poison_flask":6,"minecraft:rotten_flesh":17,"artifacts:villager_hat":1,"minecraft:hay_block":122,"minecraft:yellow_terracotta":1,"tombstone:essence_of_undeath":1,"minecraft:iron_bars":2,"piglet_structures:sack_of_greed":1,"born_in_chaos_v1:corpse_maggot":5,"relics:roller_skates":2,"born_in_chaos_v1:monster_flesh":2,"biomesoplenty:dried_salt":7,"minecraft:jungle_log":2,"minecraft:cut_sandstone":2,"biomesoplenty:dead_log":86,"minecraft:blue_bed":1,"alexsmobs:mosquito_larva":2,"relics:midnight_robe":1,"minecraft:dirt":6,"minecraft:paper":6,"tombstone:gift":1,"cataclysm:koboleton_bone":2,"minecraft:smooth_sandstone":4,"minecraft:bone":9,"irons_spellbooks:blood_vial":4,"minecraft:iron_ingot":1,"beachparty:overgrown_disc":1,"relics:infinity_ham":1,"alexscaves:diving_leggings":1,"minecraft:oak_planks":11,"beautify:hanging_pot":3,"minecraft:book":2,"minecraft:sculk":10,"minecraft:sand":36,"piglet_structures:wheatbug_scales":2,"biomesoplenty:dead_planks":1,"minecraft:amethyst_shard":1,"minecraft:blast_furnace":6,"piglet_structures:spider_wand":1,"minecraft:spider_eye":1,"piglet_structures:glass_jar":1,"minecraft:red_terracotta":1,"piglet_structures:spider_amulet":1,"minecraft:chainmail_leggings":1,"minecraft:chainmail_helmet":1,"cataclysm:ancient_metal_nugget":1,"minecraft:bread":22,"alexscaves:primordial_tunic":1,"minecraft:emerald":11,"minecraft:terracotta":15,"minecraft:oak_sapling":1,"born_in_chaos_v1:rotten_fish":2,"minecraft:damaged_anvil":1},"minecraft:killed_by":{"minecraft:player":1,"minecraft:vindicator":1,"piglet_structures:mummy":1},"minecraft:broken":{"minecraft:wooden_axe":1}},"DataVersion":3465}