{"stats":{"minecraft:custom":{"lootr:looted_stat":33,"minecraft:mob_kills":5,"minecraft:interact_with_crafting_table":8,"minecraft:time_since_death":49597,"minecraft:climb_one_cm":3891,"minecraft:time_since_rest":49597,"minecraft:sprint_one_cm":103795,"minecraft:damage_taken":340,"minecraft:walk_one_cm":194785,"minecraft:drop":31,"minecraft:damage_dealt":1014,"minecraft:fly_one_cm":32749,"minecraft:crouch_one_cm":1104,"minecraft:play_time":49597,"tombstone:undead_killed":4,"minecraft:sneak_time":851,"minecraft:jump":176,"minecraft:interact_with_brewingstand":1,"minecraft:walk_on_water_one_cm":578,"minecraft:total_world_time":49597,"minecraft:fall_one_cm":4329},"minecraft:crafted":{"minecraft:red_dye":1,"minecraft:wooden_sword":1,"biomesoplenty:dead_planks":124,"minecraft:crafting_table":1,"minecraft:wooden_pickaxe":1,"biomesoplenty:dead_boat":1,"minecraft:bread":204,"minecraft:stick":64,"minecraft:wooden_axe":3,"sophisticatedbackpacks:netherite_backpack":1,"minecraft:wheat":522},"minecraft:used":{"minecraft:crafting_table":4,"biomesoplenty:dead_boat":1,"minecraft:wooden_axe":57,"minecraft:bread":10,"minecraft:iron_boots":1,"minecraft:wooden_sword":4,"alexsmobs:animal_dictionary":1,"biomesoplenty:dead_log":2,"simplyswords:runic_scythe":6},"minecraft:killed":{"minecraft:husk":2,"born_in_chaos_v1:decrepit_skeleton":2},"minecraft:mined":{"minecraft:crafting_table":5,"minecraft:ladder":2,"minecraft:poppy":2,"biomesoplenty:dried_salt":4,"minecraft:oak_planks":2,"minecraft:blue_bed":1,"minecraft:hay_block":59,"minecraft:tnt":6,"treechop:chopped_log":3,"biomesoplenty:dead_log":20,"minecraft:vine":2},"minecraft:dropped":{"minecraft:bread":49,"relics:hunter_belt":1,"alexsmobs:animal_dictionary":1,"minecraft:rotten_flesh":6,"relics:infinity_ham":1,"minecraft:oak_planks":1,"patchouli:guide_book":4,"minecraft:chainmail_chestplate":1,"minecraft:item_frame":12,"minecraft:poppy":1,"relics:leather_belt":1,"minecraft:shield":1,"relics:roller_skates":1,"tombstone:grave_dust":2,"irons_spellbooks:arcane_essence":6,"minecraft:paper":12,"biomesoplenty:dead_log":27,"minecraft:bone":3},"minecraft:picked_up":{"minecraft:crafting_table":5,"relics:roller_skates":1,"minecraft:ladder":2,"biomesoplenty:dried_salt":4,"biomesoplenty:dead_log":86,"minecraft:shield":1,"relics:leather_belt":1,"minecraft:blue_bed":1,"minecraft:paper":6,"minecraft:item_frame":12,"minecraft:bone":3,"biomesoplenty:dead_sapling":3,"irons_spellbooks:arcane_essence":3,"relics:infinity_ham":1,"minecraft:poppy":2,"minecraft:oak_planks":2,"minecraft:stick":4,"apotheosis:gem":12,"tombstone:grave_dust":2,"piglet_structures:spider_wand":1,"minecraft:tnt":6,"minecraft:rotten_flesh":6,"minecraft:hay_block":58,"minecraft:bread":13},"minecraft:broken":{"minecraft:wooden_axe":1}},"DataVersion":3465}