{"stats":{"minecraft:crafted":{"minecraft:wooden_sword":1,"biomesoplenty:dead_planks":124,"minecraft:crafting_table":1,"minecraft:stick":64,"minecraft:wooden_pickaxe":1,"minecraft:wooden_axe":3,"biomesoplenty:dead_boat":1,"minecraft:bread":54,"minecraft:wheat":135},"minecraft:custom":{"minecraft:time_since_rest":37597,"lootr:looted_stat":31,"minecraft:sprint_one_cm":54451,"minecraft:damage_taken":259,"minecraft:walk_one_cm":127097,"minecraft:mob_kills":3,"minecraft:drop":23,"minecraft:damage_dealt":759,"minecraft:interact_with_crafting_table":6,"minecraft:fly_one_cm":19943,"minecraft:crouch_one_cm":1079,"minecraft:play_time":37597,"tombstone:undead_killed":2,"minecraft:sneak_time":789,"minecraft:interact_with_brewingstand":1,"minecraft:jump":136,"minecraft:walk_on_water_one_cm":578,"minecraft:time_since_death":37597,"minecraft:climb_one_cm":2460,"minecraft:total_world_time":37597,"minecraft:fall_one_cm":3516},"minecraft:used":{"minecraft:wooden_axe":53,"minecraft:bread":6,"minecraft:iron_boots":1,"minecraft:wooden_sword":4,"minecraft:crafting_table":3,"alexsmobs:animal_dictionary":1,"biomesoplenty:dead_boat":1,"biomesoplenty:dead_log":2,"simplyswords:runic_scythe":3},"minecraft:killed":{"born_in_chaos_v1:decrepit_skeleton":2},"minecraft:mined":{"minecraft:hay_block":59,"treechop:chopped_log":3,"minecraft:tnt":3,"minecraft:crafting_table":4,"minecraft:ladder":2,"biomesoplenty:dead_log":20,"biomesoplenty:dried_salt":4,"minecraft:oak_planks":1,"minecraft:blue_bed":1},"minecraft:dropped":{"minecraft:bread":49,"relics:leather_belt":1,"relics:roller_skates":1,"alexsmobs:animal_dictionary":1,"irons_spellbooks:arcane_essence":6,"relics:infinity_ham":1,"minecraft:rotten_flesh":5,"minecraft:paper":12,"biomesoplenty:dead_log":27,"minecraft:chainmail_chestplate":1,"patchouli:guide_book":4,"minecraft:bone":3,"minecraft:item_frame":4},"minecraft:picked_up":{"relics:roller_skates":1,"minecraft:stick":4,"minecraft:crafting_table":4,"apotheosis:gem":4,"minecraft:ladder":2,"biomesoplenty:dried_salt":4,"biomesoplenty:dead_log":86,"minecraft:shield":1,"minecraft:paper":6,"minecraft:blue_bed":1,"relics:leather_belt":1,"minecraft:tnt":3,"minecraft:item_frame":4,"minecraft:bone":3,"minecraft:rotten_flesh":5,"irons_spellbooks:arcane_essence":3,"biomesoplenty:dead_sapling":3,"minecraft:hay_block":58,"minecraft:bread":13,"relics:infinity_ham":1,"minecraft:oak_planks":1},"minecraft:broken":{"minecraft:wooden_axe":1}},"DataVersion":3465}