{"stats":{"minecraft:crafted":{"minecraft:wooden_sword":1,"minecraft:iron_axe":1,"minecraft:wheat":522,"minecraft:red_dye":1,"biomesoplenty:dead_planks":124,"minecraft:crafting_table":1,"minecraft:wooden_pickaxe":1,"biomesoplenty:dead_boat":1,"minecraft:bread":204,"minecraft:stick":64,"minecraft:iron_pickaxe":1,"minecraft:wooden_axe":3,"sophisticatedbackpacks:netherite_backpack":1},"minecraft:custom":{"lootr:looted_stat":100,"minecraft:mob_kills":43,"minecraft:interact_with_crafting_table":10,"minecraft:damage_dealt_resisted":750,"minecraft:time_since_death":44591,"minecraft:climb_one_cm":6105,"minecraft:damage_resisted":12,"minecraft:sprint_one_cm":573884,"minecraft:walk_one_cm":595065,"minecraft:drop":102,"minecraft:play_time":121597,"minecraft:deaths":2,"minecraft:sneak_time":1104,"minecraft:interact_with_brewingstand":1,"minecraft:jump":602,"minecraft:walk_on_water_one_cm":1021,"minecraft:total_world_time":121597,"tombstone:raider_killed":5,"minecraft:time_since_rest":43651,"minecraft:waystone_activated":1,"minecraft:damage_taken":3709,"minecraft:damage_dealt":5880,"minecraft:fly_one_cm":213740,"minecraft:player_kills":1,"minecraft:crouch_one_cm":1993,"tombstone:undead_killed":12,"minecraft:aviate_one_cm":245,"minecraft:fall_one_cm":29789},"minecraft:used":{"piglet_structures:jar_of_hot_pepper_comfitures":1,"biomesoplenty:dead_boat":1,"minecraft:brown_terracotta":1,"minecraft:wooden_axe":58,"minecraft:iron_axe":10,"minecraft:iron_boots":1,"tombstone:gift":2,"simplyswords:runic_twinblade":7,"biomesoplenty:dead_log":2,"minecraft:wooden_pickaxe":10,"minecraft:terracotta":3,"minecraft:crafting_table":5,"biomesoplenty:dead_planks":2,"piglet_structures:jar_of_floatberry_comfitures":1,"minecraft:bread":66,"minecraft:iron_pickaxe":27,"minecraft:wooden_sword":4,"alexsmobs:animal_dictionary":1,"simplyswords:runic_scythe":72},"minecraft:killed":{"minecraft:spider":1,"piglet_structures:pillager_scientist":5,"minecraft:skeleton":4,"born_in_chaos_v1:fallen_chaos_knight":1,"minecraft:husk":3,"minecraft:creeper":1,"born_in_chaos_v1:decrepit_skeleton":3,"minecraft:pillager":5,"minecraft:zombie":1,"born_in_chaos_v1:dread_hound":2,"born_in_chaos_v1:corpse_fly":1,"alexsmobs:roadrunner":1},"minecraft:dropped":{"farmersdelight:iron_knife":3,"minecraft:bread":49,"biomesoplenty:dead_planks":4,"minecraft:crossbow":1,"relics:infinity_ham":1,"minecraft:book":2,"relics:horse_flute":2,"minecraft:item_frame":32,"born_in_chaos_v1:monster_flesh":2,"minecraft:dirt":6,"born_in_chaos_v1:gnawed_bones":2,"relics:leather_belt":1,"farmersdelight:golden_knife":1,"relics:roller_skates":1,"minecraft:wooden_axe":1,"tombstone:grave_dust":2,"irons_spellbooks:arcane_essence":6,"minecraft:iron_axe":1,"minecraft:iron_pickaxe":1,"minecraft:paper":12,"minecraft:bone":7,"biomesoplenty:dried_salt":2,"piglet_structures:sack_of_greed":2,"relics:hunter_belt":1,"alexsmobs:animal_dictionary":1,"piglet_structures:glass_jar":2,"minecraft:wheat":1,"piglet_structures:jar_of_groundberry_comfitures":1,"tombstone:gift":1,"born_in_chaos_v1:rotten_fish":2,"minecraft:rotten_flesh":15,"artifacts:villager_hat":1,"minecraft:oak_planks":3,"patchouli:guide_book":4,"minecraft:chainmail_chestplate":1,"minecraft:poppy":6,"simplyswords:runic_twinblade":1,"minecraft:shield":2,"relics:magic_mirror":2,"minecraft:trident":2,"simplyswords:gold_longsword":1,"born_in_chaos_v1:corpse_maggot":1,"apotheosis:gem":13,"minecraft:slime_ball":3,"minecraft:wooden_pickaxe":1,"relics:spatial_sign":1,"biomesoplenty:dead_log":27,"alexsmobs:mosquito_larva":2,"minecraft:terracotta":1},"minecraft:mined":{"minecraft:yellow_terracotta":1,"minecraft:ladder":2,"minecraft:grass_block":3,"minecraft:coal_block":3,"biomesoplenty:dried_salt":6,"biomesoplenty:dead_grass":2,"minecraft:spawner":3,"minecraft:hay_block":75,"treechop:chopped_log":3,"minecraft:gold_block":1,"minecraft:vine":2,"minecraft:iron_bars":2,"minecraft:smithing_table":1,"minecraft:crafting_table":6,"minecraft:blast_furnace":6,"minecraft:poppy":6,"biomesoplenty:sprout":4,"minecraft:oak_planks":5,"minecraft:damaged_anvil":1,"minecraft:blue_bed":1,"minecraft:red_terracotta":1,"minecraft:tnt":15,"minecraft:grass":7,"biomesoplenty:dead_log":20,"minecraft:brown_terracotta":2,"minecraft:terracotta":15},"minecraft:picked_up":{"irons_spellbooks:scroll":1,"minecraft:crafting_table":6,"illagerinvasion:platinum_chunk":4,"minecraft:ladder":2,"minecraft:smithing_table":1,"minecraft:gold_block":1,"minecraft:shield":1,"relics:leather_belt":2,"ramcompat:tendon_lump":1,"minecraft:item_frame":36,"irons_spellbooks:arcane_essence":3,"biomesoplenty:dead_sapling":3,"born_in_chaos_v1:gnawed_bones":2,"minecraft:poppy":9,"minecraft:coal_block":3,"minecraft:iron_boots":1,"minecraft:stick":4,"apotheosis:gem":30,"minecraft:brown_terracotta":2,"alexscaves:primordial_pants":1,"tombstone:grave_dust":2,"born_in_chaos_v1:pieceofdarkmetal":4,"minecraft:trident":1,"minecraft:goat_horn":1,"minecraft:tnt":14,"minecraft:arrow":4,"piglet_structures:skulk_poison_flask":6,"minecraft:rotten_flesh":15,"artifacts:villager_hat":1,"minecraft:hay_block":74,"minecraft:yellow_terracotta":1,"tombstone:essence_of_undeath":1,"minecraft:iron_bars":2,"piglet_structures:sack_of_greed":1,"born_in_chaos_v1:corpse_maggot":4,"relics:roller_skates":2,"born_in_chaos_v1:monster_flesh":2,"biomesoplenty:dried_salt":7,"biomesoplenty:dead_log":86,"minecraft:blue_bed":1,"alexsmobs:mosquito_larva":2,"relics:midnight_robe":1,"minecraft:dirt":6,"minecraft:paper":6,"tombstone:gift":1,"minecraft:bone":9,"irons_spellbooks:blood_vial":4,"relics:infinity_ham":1,"alexscaves:diving_leggings":1,"minecraft:oak_planks":5,"minecraft:book":2,"minecraft:sculk":10,"piglet_structures:wheatbug_scales":2,"biomesoplenty:dead_planks":1,"minecraft:amethyst_shard":1,"minecraft:blast_furnace":6,"piglet_structures:spider_wand":1,"minecraft:red_terracotta":1,"piglet_structures:spider_amulet":1,"minecraft:bread":22,"alexscaves:primordial_tunic":1,"minecraft:emerald":4,"minecraft:terracotta":15,"born_in_chaos_v1:rotten_fish":2,"minecraft:damaged_anvil":1},"minecraft:killed_by":{"minecraft:player":1,"minecraft:vindicator":1},"minecraft:broken":{"minecraft:wooden_axe":1}},"DataVersion":3465}