{"stats":{"minecraft:custom":{"lootr:looted_stat":44,"minecraft:mob_kills":9,"tombstone:raider_killed":1,"minecraft:interact_with_crafting_table":8,"minecraft:time_since_death":61597,"minecraft:climb_one_cm":4031,"minecraft:time_since_rest":61597,"minecraft:sprint_one_cm":168545,"minecraft:damage_taken":888,"minecraft:walk_one_cm":265495,"minecraft:drop":37,"minecraft:damage_dealt":1804,"minecraft:fly_one_cm":74408,"minecraft:crouch_one_cm":1603,"minecraft:play_time":61597,"tombstone:undead_killed":4,"minecraft:sneak_time":992,"minecraft:jump":234,"minecraft:interact_with_brewingstand":1,"minecraft:walk_on_water_one_cm":1021,"minecraft:total_world_time":61597,"minecraft:fall_one_cm":6245},"minecraft:crafted":{"minecraft:red_dye":1,"minecraft:wooden_sword":1,"biomesoplenty:dead_planks":124,"minecraft:crafting_table":1,"minecraft:wooden_pickaxe":1,"biomesoplenty:dead_boat":1,"minecraft:bread":204,"minecraft:stick":64,"minecraft:wooden_axe":3,"sophisticatedbackpacks:netherite_backpack":1,"minecraft:wheat":522},"minecraft:used":{"minecraft:wooden_pickaxe":8,"minecraft:crafting_table":4,"biomesoplenty:dead_planks":2,"biomesoplenty:dead_boat":1,"minecraft:wooden_axe":58,"minecraft:bread":21,"minecraft:iron_boots":1,"minecraft:wooden_sword":4,"alexsmobs:animal_dictionary":1,"biomesoplenty:dead_log":2,"simplyswords:runic_scythe":16},"minecraft:killed":{"minecraft:husk":2,"born_in_chaos_v1:decrepit_skeleton":2,"minecraft:pillager":1},"minecraft:dropped":{"minecraft:bread":49,"relics:hunter_belt":1,"alexsmobs:animal_dictionary":1,"born_in_chaos_v1:rotten_fish":2,"tombstone:gift":1,"minecraft:book":2,"minecraft:rotten_flesh":9,"relics:infinity_ham":1,"minecraft:oak_planks":1,"patchouli:guide_book":4,"minecraft:chainmail_chestplate":1,"minecraft:item_frame":12,"minecraft:poppy":2,"relics:leather_belt":1,"minecraft:shield":1,"relics:roller_skates":1,"tombstone:grave_dust":2,"irons_spellbooks:arcane_essence":6,"minecraft:paper":12,"biomesoplenty:dead_log":27,"alexsmobs:mosquito_larva":2,"minecraft:bone":3},"minecraft:mined":{"minecraft:smithing_table":1,"minecraft:crafting_table":5,"minecraft:ladder":2,"minecraft:blast_furnace":4,"minecraft:poppy":5,"minecraft:coal_block":3,"biomesoplenty:dried_salt":4,"minecraft:damaged_anvil":1,"minecraft:oak_planks":2,"minecraft:blue_bed":1,"minecraft:hay_block":67,"minecraft:tnt":6,"treechop:chopped_log":3,"minecraft:grass":1,"biomesoplenty:dead_log":20,"minecraft:vine":2},"minecraft:picked_up":{"irons_spellbooks:scroll":1,"minecraft:crafting_table":5,"relics:roller_skates":2,"illagerinvasion:platinum_chunk":1,"minecraft:ladder":2,"biomesoplenty:dried_salt":4,"minecraft:smithing_table":1,"biomesoplenty:dead_log":86,"minecraft:shield":1,"alexsmobs:mosquito_larva":2,"relics:leather_belt":1,"minecraft:blue_bed":1,"minecraft:paper":6,"tombstone:gift":1,"minecraft:item_frame":12,"minecraft:bone":3,"biomesoplenty:dead_sapling":3,"irons_spellbooks:arcane_essence":3,"irons_spellbooks:blood_vial":4,"relics:infinity_ham":1,"minecraft:poppy":3,"minecraft:coal_block":3,"minecraft:oak_planks":2,"minecraft:iron_boots":1,"minecraft:book":2,"minecraft:stick":4,"apotheosis:gem":12,"biomesoplenty:dead_planks":1,"minecraft:amethyst_shard":1,"minecraft:blast_furnace":4,"tombstone:grave_dust":2,"piglet_structures:spider_wand":1,"minecraft:goat_horn":1,"minecraft:tnt":6,"minecraft:rotten_flesh":9,"minecraft:hay_block":66,"minecraft:emerald":2,"alexscaves:primordial_tunic":1,"minecraft:bread":22,"born_in_chaos_v1:rotten_fish":2,"minecraft:damaged_anvil":1},"minecraft:broken":{"minecraft:wooden_axe":1}},"DataVersion":3465}