{"stats":{"minecraft:crafted":{"tombstone:grave_key":2,"minecraft:wheat":18,"minecraft:bread":14},"minecraft:custom":{"lootr:looted_stat":160,"minecraft:mob_kills":89,"minecraft:interact_with_crafting_table":4,"minecraft:bell_ring":2,"minecraft:damage_dealt_resisted":323,"minecraft:leave_game":10,"minecraft:time_since_death":1088,"minecraft:climb_one_cm":14354,"minecraft:damage_resisted":0,"minecraft:sprint_one_cm":1147539,"minecraft:walk_one_cm":729334,"minecraft:damage_blocked_by_shield":1935,"minecraft:drop":91,"minecraft:talked_to_villager":8,"minecraft:sneak_time":2896,"minecraft:play_time":231764,"minecraft:deaths":24,"minecraft:walk_under_water_one_cm":27652,"minecraft:interact_with_lectern":2,"minecraft:boat_one_cm":24858,"minecraft:jump":3274,"minecraft:walk_on_water_one_cm":57805,"minecraft:total_world_time":231764,"tombstone:raider_killed":27,"minecraft:time_since_rest":885,"minecraft:waystone_activated":3,"minecraft:damage_taken":13458,"minecraft:damage_dealt":13685,"minecraft:swim_one_cm":176115,"minecraft:fly_one_cm":1310995,"minecraft:player_kills":1,"minecraft:crouch_one_cm":7931,"tombstone:undead_killed":9,"minecraft:fall_one_cm":170209,"minecraft:horse_one_cm":4826},"minecraft:used":{"minecraft:trident":7,"alexscaves:diving_leggings":1,"minecraft:shield":25,"minecraft:torch":5,"piglet_structures:golden_chalice":1,"minecraft:iron_hoe":14,"beachparty:rubber_ring_axolotl":1,"minecraft:iron_axe":58,"minecraft:iron_boots":1,"alexscaves:primordial_helmet":1,"born_in_chaos_v1:intoxicating_dagger":170,"piglet_structures:bananas":1,"alexsmobs:fedora":1,"minecraft:hay_block":1,"minecraft:goat_horn":9,"tombstone:gift":4,"tombstone:tablet_of_guard":1,"piglet_structures:carved_oak_log":28,"minecraft:crossbow":1,"relics:horse_flute":25,"piglet_structures:jar_of_comfitures_glowberry":1,"minecraft:bread":12,"tombstone:grave_key":2,"piglet_structures:jar_of_comfitures_cranberry":1,"beachparty:rubber_ring_pelican":1,"minecraft:experience_bottle":10,"simplyswords:runic_scythe":196},"minecraft:killed":{"born_in_chaos_v1:restless_spirit":1,"born_in_chaos_v1:zombie_lumberjack":1,"born_in_chaos_v1:door_knight_not_despawn":1,"born_in_chaos_v1:zombie_clown_not_despawn":1,"piglet_structures:ancient_skeleton_warrior":3,"minecraft:spider":5,"minecraft:vindicator":6,"piglet_structures:pillager_scientist":9,"piglet_structures:wheatbug":1,"minecraft:pufferfish":2,"born_in_chaos_v1:maggot":7,"born_in_chaos_v1:corpse_fish":3,"minecraft:drowned":1,"minecraft:tropical_fish":1,"piglet_structures:screecher":5,"gnumus:gnumus_hunter_not_dispawn":1,"gnumus:gnumus_shaman":1,"piglet_structures:skeleton_fly":2,"born_in_chaos_v1:baby_skeleton":1,"born_in_chaos_v1:swarmer":1,"minecraft:pillager":20,"minecraft:zombie":2,"samurai_dynasty:kawauso":1,"born_in_chaos_v1:dread_hound":1,"born_in_chaos_v1:corpse_fly":5,"tombstone:spectral_wolf":1,"alexsmobs:fly":1},"minecraft:mined":{"biomesoplenty:desert_grass":8,"gravestone:gravestone":12,"biomesoplenty:bush":1,"minecraft:acacia_log":2,"minecraft:grass_block":1,"minecraft:black_carpet":2,"minecraft:moss_carpet":1,"piglet_structures:golden_chalice":1,"gnumus:fragile_gnumus_jug":2,"minecraft:potted_orange_tulip":1,"minecraft:poppy":4,"minecraft:dead_bush":2,"minecraft:rose_bush":2,"minecraft:tall_grass":1,"biomesoplenty:sprout":7,"minecraft:light_blue_bed":1,"minecraft:tnt":9,"minecraft:grass":14,"minecraft:sand":1,"minecraft:gray_carpet":1,"biomesoplenty:dead_planks":2,"minecraft:oak_leaves":12,"minecraft:fern":32},"minecraft:dropped":{"alexsmobs:fedora":1,"minecraft:bread":68,"minecraft:moss_block":2,"minecraft:wheat_seeds":2,"minecraft:golden_helmet":1,"minecraft:oak_log":2,"relics:infinity_ham":2,"minecraft:lead":1,"minecraft:book":2,"piglet_structures:jar_of_ancient_glowberry_comfitures":2,"minecraft:acacia_log":1,"piglet_structures:spider_wand":1,"irons_spellbooks:scroll":1,"minecraft:dirt":1,"born_in_chaos_v1:gnawed_bones":1,"relics:leather_belt":2,"illagerinvasion:platinum_chunk":3,"relics:roller_skates":1,"gnumus:gnumus_claw":1,"piglet_structures:jar_of_comfitures_spider_eye":2,"piglet_structures:bananas":2,"minecraft:melon_slice":5,"beachparty:rubber_ring_pelican":1,"tombstone:grave_dust":6,"irons_spellbooks:blood_vial":4,"minecraft:bone_meal":1,"minecraft:amethyst_shard":1,"irons_spellbooks:common_ink":4,"minecraft:sand":1,"minecraft:iron_axe":1,"piglet_structures:golden_chalice":2,"minecraft:string":7,"piglet_structures:jar_of_floatberry_comfitures":1,"minecraft:bone":7,"minecraft:moss_carpet":1,"minecraft:goat_horn":1,"alexsmobs:tarantula_hawk_wing_fragment":2,"minecraft:black_carpet":2,"piglet_structures:glass_jar":2,"minecraft:wheat":30,"piglet_structures:jar_of_groundberry_comfitures":1,"born_in_chaos_v1:rotten_fish":2,"tombstone:gift":1,"piglet_structures:spider_amulet":1,"alexsmobs:rocky_chestplate":1,"minecraft:rotten_flesh":4,"minecraft:iron_boots":1,"ramcompat:tendon_lump":1,"minecraft:poppy":6,"minecraft:shield":1,"relics:magic_mirror":2,"minecraft:flower_pot":1,"born_in_chaos_v1:seedof_chaos":1,"alexscaves:primordial_tunic":1,"minecraft:melon_seeds":3,"born_in_chaos_v1:corpse_maggot":3,"apotheosis:gem":2,"minecraft:ladder":6,"relics:arrow_quiver":1,"relics:spatial_sign":1,"alexsmobs:mosquito_larva":2},"minecraft:picked_up":{"minecraft:black_carpet":2,"illagerinvasion:platinum_chunk":3,"minecraft:ladder":6,"minecraft:flower_pot":1,"born_in_chaos_v1:seedof_chaos":1,"gnumus:gnumus_claw":2,"minecraft:lead":1,"minecraft:string":5,"relics:leather_belt":1,"relics:magic_mirror":1,"minecraft:moss_carpet":1,"minecraft:iron_axe":1,"born_in_chaos_v1:gnawed_bones":1,"minecraft:poppy":6,"minecraft:melon_slice":7,"sophisticatedbackpacks:netherite_backpack":1,"minecraft:golden_helmet":1,"minecraft:stick":2,"apotheosis:gem":3,"minecraft:acacia_log":1,"minecraft:carrot":1,"tombstone:grave_dust":4,"minecraft:light_blue_bed":1,"minecraft:tnt":7,"minecraft:arrow":1,"piglet_structures:skulk_poison_flask":17,"minecraft:rotten_flesh":10,"relics:spatial_sign":1,"piglet_structures:golden_chalice":2,"gnumus:gnumus_pouch_3":1,"piglet_structures:bananas":2,"piglet_structures:sack_of_greed":1,"born_in_chaos_v1:corpse_maggot":4,"gnumus:gnumus_doubloons":12,"piglet_structures:jar_of_groundberry_comfitures":1,"minecraft:oak_log":1,"minecraft:dirt":1,"lootr:trophy":1,"minecraft:bone":15,"minecraft:orange_tulip":1,"minecraft:wheat_seeds":5,"minecraft:iron_ingot":1,"relics:infinity_ham":1,"minecraft:moss_block":2,"piglet_structures:jar_of_comfitures_spider_eye":2,"piglet_structures:jar_of_floatberry_comfitures":1,"patchouli:guide_book":1,"minecraft:sculk":12,"born_in_chaos_v1:ethereal_spirit":2,"minecraft:dripstone_block":3,"piglet_structures:wheatbug_scales":1,"minecraft:sand":1,"minecraft:spider_eye":1,"minecraft:bundle":1,"gnumus:vintage_parts":1,"gnumus:gnumus_clay":15,"alexsmobs:tarantula_hawk_wing_fragment":1,"minecraft:bone_meal":1,"minecraft:bread":4,"minecraft:emerald":10,"born_in_chaos_v1:rotten_fish":2},"minecraft:killed_by":{"minecraft:husk":1,"minecraft:player":1,"born_in_chaos_v1:nightmare_stalker":2,"minecraft:creeper":1,"tombstone:spectral_wolf":2,"minecraft:vindicator":6,"born_in_chaos_v1:spirit_guide_assistant":1,"irons_spellbooks:archevoker":3,"born_in_chaos_v1:dread_hound":1,"piglet_structures:ancient_skeleton_warrior":6},"minecraft:broken":{"beachparty:rubber_ring_axolotl":1,"alexsmobs:novelty_hat":1,"minecraft:iron_boots":1,"minecraft:shield":1}},"DataVersion":3465}