{"stats":{"minecraft:killed":{"minecraft:pillager":3,"minecraft:zombie":1,"thermal:blitz":1},"minecraft:crafted":{"minecraft:crafting_table":1,"minecraft:dark_oak_planks":12,"minecraft:bread":3,"minecraft:air":4},"minecraft:custom":{"minecraft:time_since_rest":4657,"lootr:looted_stat":7,"minecraft:sprint_one_cm":60023,"minecraft:walk_one_cm":23713,"minecraft:damage_taken":1346,"minecraft:damage_absorbed":376,"minecraft:damage_blocked_by_shield":1995,"minecraft:mob_kills":6,"minecraft:drop":1,"tombstone:raider_killed":3,"minecraft:damage_dealt":1445,"minecraft:swim_one_cm":7526,"minecraft:interact_with_crafting_table":2,"minecraft:fly_one_cm":164126,"minecraft:crouch_one_cm":43,"minecraft:play_time":20474,"tombstone:undead_killed":1,"minecraft:deaths":3,"minecraft:sneak_time":15,"minecraft:walk_under_water_one_cm":140,"minecraft:damage_dealt_resisted":0,"minecraft:jump":520,"minecraft:leave_game":1,"minecraft:walk_on_water_one_cm":516,"minecraft:time_since_death":5660,"minecraft:total_world_time":20474,"minecraft:fall_one_cm":19213},"minecraft:used":{"minecraft:bread":3,"minecraft:shield":47,"minecraft:iron_sword":29,"minecraft:sweet_berries":3,"minecraft:crafting_table":1,"minecraft:carrot":6},"minecraft:killed_by":{"minecraft:pillager":2,"thermal:blitz":1},"minecraft:dropped":{"minecraft:sugar":5},"minecraft:broken":{"minecraft:shield":1},"minecraft:mined":{"minecraft:fire":1,"minecraft:grass":4},"minecraft:picked_up":{"thermal:blitz_rod":1,"minecraft:tripwire_hook":2,"bhc:red_heart":1,"minecraft:rotten_flesh":2,"immersiveengineering:seed":1,"mysticalagriculture:inferium_essence":2,"thermal:tomato_seeds":1,"supplementaries:ash":1}},"DataVersion":3465}