{"stats":{"minecraft:crafted":{"tombstone:grave_key":2,"minecraft:bread":14,"minecraft:wheat":18},"minecraft:custom":{"minecraft:time_since_rest":2587,"minecraft:waystone_activated":1,"lootr:looted_stat":17,"minecraft:sprint_one_cm":111876,"minecraft:damage_taken":3757,"minecraft:walk_one_cm":101053,"minecraft:mob_kills":8,"minecraft:drop":7,"tombstone:raider_killed":1,"minecraft:damage_dealt":2066,"minecraft:talked_to_villager":3,"minecraft:swim_one_cm":13219,"minecraft:interact_with_crafting_table":1,"minecraft:fly_one_cm":324015,"minecraft:crouch_one_cm":3402,"minecraft:play_time":64950,"tombstone:undead_killed":1,"minecraft:deaths":12,"minecraft:sneak_time":1160,"minecraft:walk_under_water_one_cm":7440,"minecraft:interact_with_lectern":2,"minecraft:damage_dealt_resisted":0,"minecraft:jump":934,"minecraft:leave_game":8,"minecraft:walk_on_water_one_cm":10028,"minecraft:time_since_death":3129,"minecraft:total_world_time":64950,"minecraft:climb_one_cm":2843,"minecraft:damage_resisted":0,"minecraft:fall_one_cm":28604},"minecraft:used":{"minecraft:iron_axe":40,"minecraft:bread":11,"minecraft:shield":1,"tombstone:grave_key":2,"minecraft:iron_boots":1,"piglet_structures:bananas":1,"minecraft:hay_block":1,"minecraft:goat_horn":8,"tombstone:gift":4},"minecraft:killed":{"minecraft:vindicator":1,"born_in_chaos_v1:corpse_fish":3,"minecraft:drowned":1,"piglet_structures:screecher":3},"minecraft:mined":{"gravestone:gravestone":9,"minecraft:grass":1,"gnumus:fragile_gnumus_jug":2,"minecraft:fern":1},"minecraft:dropped":{"minecraft:moss_block":2,"gnumus:gnumus_claw":1,"piglet_structures:bananas":2,"tombstone:grave_dust":2,"irons_spellbooks:common_ink":4,"minecraft:bone":1},"minecraft:picked_up":{"gnumus:gnumus_claw":1,"minecraft:lead":1,"minecraft:bone":1,"minecraft:rotten_flesh":2,"minecraft:bone_meal":1,"minecraft:emerald":1,"minecraft:moss_block":2,"born_in_chaos_v1:rotten_fish":2,"minecraft:melon_slice":5,"piglet_structures:bananas":2},"minecraft:killed_by":{"minecraft:husk":1,"minecraft:vindicator":6,"born_in_chaos_v1:nightmare_stalker":1,"born_in_chaos_v1:spirit_guide_assistant":1,"irons_spellbooks:archevoker":3}},"DataVersion":3465}