{"stats":{"minecraft:crafted":{"tombstone:grave_key":2,"minecraft:bread":14,"minecraft:wheat":18},"minecraft:custom":{"minecraft:time_since_rest":24315,"minecraft:waystone_activated":1,"lootr:looted_stat":33,"minecraft:sprint_one_cm":139174,"minecraft:damage_taken":3806,"minecraft:walk_one_cm":181883,"minecraft:mob_kills":9,"minecraft:drop":14,"tombstone:raider_killed":2,"minecraft:damage_dealt":2262,"minecraft:interact_with_crafting_table":4,"minecraft:swim_one_cm":13219,"minecraft:talked_to_villager":6,"minecraft:fly_one_cm":348815,"minecraft:bell_ring":2,"minecraft:crouch_one_cm":5089,"minecraft:play_time":86678,"minecraft:sneak_time":1514,"tombstone:undead_killed":2,"minecraft:deaths":12,"minecraft:walk_under_water_one_cm":7658,"minecraft:boat_one_cm":24858,"minecraft:interact_with_lectern":2,"minecraft:jump":1092,"minecraft:damage_dealt_resisted":0,"minecraft:leave_game":9,"minecraft:time_since_death":24857,"minecraft:walk_on_water_one_cm":12666,"minecraft:climb_one_cm":6182,"minecraft:total_world_time":86678,"minecraft:damage_resisted":0,"minecraft:fall_one_cm":30013},"minecraft:used":{"beachparty:rubber_ring_axolotl":1,"minecraft:iron_axe":42,"minecraft:bread":12,"minecraft:shield":1,"tombstone:grave_key":2,"minecraft:iron_boots":1,"piglet_structures:bananas":1,"minecraft:hay_block":1,"minecraft:goat_horn":9,"tombstone:gift":4,"beachparty:rubber_ring_pelican":1},"minecraft:killed":{"minecraft:zombie":1,"minecraft:vindicator":1,"minecraft:drowned":1,"born_in_chaos_v1:corpse_fish":3,"piglet_structures:screecher":3},"minecraft:mined":{"minecraft:light_blue_bed":1,"gravestone:gravestone":9,"minecraft:grass":1,"gnumus:fragile_gnumus_jug":2,"minecraft:fern":1},"minecraft:dropped":{"minecraft:bread":2,"minecraft:shield":1,"minecraft:moss_block":2,"relics:leather_belt":1,"gnumus:gnumus_claw":1,"piglet_structures:bananas":2,"tombstone:grave_dust":2,"minecraft:bone_meal":1,"relics:infinity_ham":1,"irons_spellbooks:common_ink":4,"minecraft:bone":2},"minecraft:picked_up":{"patchouli:guide_book":1,"gnumus:gnumus_claw":1,"minecraft:lead":1,"minecraft:light_blue_bed":1,"relics:leather_belt":1,"minecraft:rotten_flesh":3,"minecraft:bone":2,"minecraft:bread":1,"minecraft:bone_meal":1,"relics:infinity_ham":1,"minecraft:emerald":1,"sophisticatedbackpacks:netherite_backpack":1,"minecraft:melon_slice":5,"born_in_chaos_v1:rotten_fish":2,"minecraft:moss_block":2,"piglet_structures:bananas":2},"minecraft:killed_by":{"minecraft:husk":1,"minecraft:vindicator":6,"born_in_chaos_v1:nightmare_stalker":1,"born_in_chaos_v1:spirit_guide_assistant":1,"irons_spellbooks:archevoker":3}},"DataVersion":3465}