{"stats":{"minecraft:killed":{"minecraft:pillager":2,"minecraft:zombie":1},"minecraft:custom":{"minecraft:time_since_rest":142,"tombstone:undead_killed":1,"minecraft:play_time":8675,"lootr:looted_stat":7,"minecraft:sprint_one_cm":23014,"minecraft:walk_one_cm":12320,"minecraft:damage_taken":487,"minecraft:deaths":1,"minecraft:damage_blocked_by_shield":1575,"minecraft:mob_kills":4,"minecraft:damage_dealt_resisted":0,"minecraft:jump":194,"tombstone:raider_killed":2,"minecraft:damage_dealt":551,"minecraft:leave_game":1,"minecraft:time_since_death":1231,"minecraft:total_world_time":8675,"minecraft:interact_with_crafting_table":1,"minecraft:fall_one_cm":3402,"minecraft:fly_one_cm":56306},"minecraft:used":{"minecraft:carrot":6,"minecraft:shield":35,"minecraft:iron_sword":14},"minecraft:killed_by":{"thermal:blitz":1},"minecraft:picked_up":{"minecraft:tripwire_hook":2,"immersiveengineering:seed":1,"mysticalagriculture:inferium_essence":2,"thermal:tomato_seeds":1},"minecraft:mined":{"minecraft:grass":4}},"DataVersion":3465}