{"stats":{"minecraft:crafted":{"minecraft:bread":14,"tombstone:grave_key":2,"minecraft:wheat":18},"minecraft:custom":{"lootr:looted_stat":69,"minecraft:mob_kills":29,"tombstone:raider_killed":14,"minecraft:interact_with_crafting_table":4,"minecraft:bell_ring":2,"minecraft:damage_dealt_resisted":125,"minecraft:leave_game":9,"minecraft:time_since_death":58911,"minecraft:climb_one_cm":10507,"minecraft:damage_resisted":0,"minecraft:time_since_rest":58369,"minecraft:waystone_activated":1,"minecraft:sprint_one_cm":200964,"minecraft:damage_taken":4168,"minecraft:walk_one_cm":278957,"minecraft:drop":42,"minecraft:damage_dealt":4409,"minecraft:swim_one_cm":13219,"minecraft:talked_to_villager":6,"minecraft:fly_one_cm":423993,"minecraft:crouch_one_cm":5769,"minecraft:play_time":120732,"tombstone:undead_killed":3,"minecraft:deaths":12,"minecraft:sneak_time":1673,"minecraft:walk_under_water_one_cm":7658,"minecraft:boat_one_cm":24858,"minecraft:interact_with_lectern":2,"minecraft:jump":1374,"minecraft:walk_on_water_one_cm":12666,"minecraft:total_world_time":120732,"minecraft:fall_one_cm":37741},"minecraft:used":{"alexscaves:diving_leggings":1,"minecraft:shield":1,"relics:horse_flute":11,"beachparty:rubber_ring_axolotl":1,"minecraft:iron_axe":44,"minecraft:bread":12,"alexscaves:primordial_helmet":1,"minecraft:iron_boots":1,"tombstone:grave_key":2,"piglet_structures:bananas":1,"alexsmobs:fedora":1,"minecraft:hay_block":1,"minecraft:goat_horn":9,"tombstone:gift":4,"simplyswords:runic_scythe":27,"beachparty:rubber_ring_pelican":1,"minecraft:experience_bottle":5},"minecraft:killed":{"born_in_chaos_v1:swarmer":1,"minecraft:vindicator":1,"born_in_chaos_v1:maggot":3,"minecraft:pillager":12,"minecraft:zombie":1,"born_in_chaos_v1:corpse_fly":4,"minecraft:drowned":1,"born_in_chaos_v1:corpse_fish":3,"piglet_structures:screecher":3},"minecraft:mined":{"gravestone:gravestone":9,"biomesoplenty:bush":1,"minecraft:light_blue_bed":1,"minecraft:grass":1,"biomesoplenty:dead_planks":2,"gnumus:fragile_gnumus_jug":2,"minecraft:fern":1},"minecraft:dropped":{"alexsmobs:fedora":1,"minecraft:bread":68,"minecraft:goat_horn":1,"minecraft:moss_block":2,"minecraft:wheat":30,"piglet_structures:spider_amulet":1,"tombstone:gift":1,"born_in_chaos_v1:rotten_fish":2,"minecraft:rotten_flesh":3,"minecraft:book":2,"alexsmobs:rocky_chestplate":1,"minecraft:lead":1,"relics:infinity_ham":1,"minecraft:iron_boots":1,"ramcompat:tendon_lump":1,"piglet_structures:spider_wand":1,"irons_spellbooks:scroll":1,"minecraft:poppy":1,"relics:leather_belt":2,"minecraft:shield":1,"relics:roller_skates":1,"alexscaves:primordial_tunic":1,"gnumus:gnumus_claw":1,"piglet_structures:bananas":2,"born_in_chaos_v1:corpse_maggot":3,"minecraft:melon_seeds":3,"minecraft:melon_slice":5,"beachparty:rubber_ring_pelican":1,"tombstone:grave_dust":2,"irons_spellbooks:blood_vial":4,"minecraft:amethyst_shard":1,"irons_spellbooks:common_ink":4,"minecraft:bone_meal":1,"relics:arrow_quiver":1,"alexsmobs:mosquito_larva":2,"minecraft:bone":2},"minecraft:picked_up":{"piglet_structures:sack_of_greed":1,"born_in_chaos_v1:corpse_maggot":3,"illagerinvasion:platinum_chunk":3,"gnumus:gnumus_claw":1,"minecraft:lead":1,"relics:leather_belt":1,"minecraft:bone":2,"relics:infinity_ham":1,"minecraft:poppy":1,"minecraft:moss_block":2,"minecraft:melon_slice":5,"sophisticatedbackpacks:netherite_backpack":1,"apotheosis:gem":1,"patchouli:guide_book":1,"minecraft:light_blue_bed":1,"minecraft:rotten_flesh":3,"minecraft:bone_meal":1,"minecraft:emerald":5,"minecraft:bread":1,"born_in_chaos_v1:rotten_fish":2,"piglet_structures:bananas":2},"minecraft:killed_by":{"minecraft:vindicator":6,"minecraft:husk":1,"born_in_chaos_v1:nightmare_stalker":1,"born_in_chaos_v1:spirit_guide_assistant":1,"irons_spellbooks:archevoker":3}},"DataVersion":3465}