{"stats":{"minecraft:crafted":{"tombstone:grave_key":2,"minecraft:wheat":18,"minecraft:bread":14},"minecraft:custom":{"lootr:looted_stat":146,"minecraft:mob_kills":62,"minecraft:interact_with_crafting_table":4,"minecraft:bell_ring":2,"minecraft:damage_dealt_resisted":316,"minecraft:leave_game":9,"minecraft:time_since_death":8361,"minecraft:climb_one_cm":14274,"minecraft:damage_resisted":0,"minecraft:sprint_one_cm":896035,"minecraft:walk_one_cm":631440,"minecraft:damage_blocked_by_shield":45,"minecraft:drop":86,"minecraft:talked_to_villager":8,"minecraft:sneak_time":2475,"minecraft:play_time":192732,"minecraft:deaths":16,"minecraft:walk_under_water_one_cm":12944,"minecraft:interact_with_lectern":2,"minecraft:boat_one_cm":24858,"minecraft:jump":2743,"minecraft:walk_on_water_one_cm":19914,"minecraft:total_world_time":192732,"tombstone:raider_killed":26,"minecraft:time_since_rest":8159,"minecraft:waystone_activated":3,"minecraft:damage_taken":9495,"minecraft:damage_dealt":10251,"minecraft:swim_one_cm":17207,"minecraft:fly_one_cm":1001594,"minecraft:player_kills":1,"minecraft:crouch_one_cm":7111,"tombstone:undead_killed":6,"minecraft:fall_one_cm":123092,"minecraft:horse_one_cm":4826},"minecraft:used":{"alexscaves:diving_leggings":1,"minecraft:shield":2,"minecraft:torch":5,"piglet_structures:golden_chalice":1,"minecraft:iron_hoe":14,"beachparty:rubber_ring_axolotl":1,"minecraft:iron_axe":50,"minecraft:iron_boots":1,"alexscaves:primordial_helmet":1,"born_in_chaos_v1:intoxicating_dagger":23,"piglet_structures:bananas":1,"alexsmobs:fedora":1,"minecraft:hay_block":1,"minecraft:goat_horn":9,"tombstone:gift":4,"piglet_structures:carved_oak_log":15,"minecraft:crossbow":1,"relics:horse_flute":25,"piglet_structures:jar_of_comfitures_glowberry":1,"minecraft:bread":12,"tombstone:grave_key":2,"piglet_structures:jar_of_comfitures_cranberry":1,"beachparty:rubber_ring_pelican":1,"minecraft:experience_bottle":10,"simplyswords:runic_scythe":181},"minecraft:killed":{"born_in_chaos_v1:zombie_lumberjack":1,"minecraft:vindicator":6,"piglet_structures:pillager_scientist":9,"piglet_structures:wheatbug":1,"born_in_chaos_v1:maggot":4,"born_in_chaos_v1:corpse_fish":3,"minecraft:drowned":1,"piglet_structures:screecher":3,"piglet_structures:skeleton_fly":2,"born_in_chaos_v1:baby_skeleton":1,"born_in_chaos_v1:swarmer":1,"minecraft:pillager":19,"minecraft:zombie":2,"samurai_dynasty:kawauso":1,"born_in_chaos_v1:dread_hound":1,"born_in_chaos_v1:corpse_fly":5,"alexsmobs:fly":1},"minecraft:mined":{"biomesoplenty:desert_grass":8,"gravestone:gravestone":12,"biomesoplenty:bush":1,"minecraft:acacia_log":2,"minecraft:moss_carpet":1,"piglet_structures:golden_chalice":1,"gnumus:fragile_gnumus_jug":2,"minecraft:potted_orange_tulip":1,"minecraft:poppy":4,"minecraft:dead_bush":2,"minecraft:rose_bush":2,"minecraft:tall_grass":1,"biomesoplenty:sprout":6,"minecraft:light_blue_bed":1,"minecraft:tnt":9,"minecraft:grass":10,"minecraft:sand":1,"biomesoplenty:dead_planks":2,"minecraft:oak_leaves":8,"minecraft:fern":1},"minecraft:dropped":{"alexsmobs:fedora":1,"minecraft:bread":68,"minecraft:moss_block":2,"minecraft:wheat_seeds":2,"minecraft:golden_helmet":1,"minecraft:oak_log":2,"relics:infinity_ham":1,"minecraft:lead":1,"minecraft:book":2,"piglet_structures:jar_of_ancient_glowberry_comfitures":2,"minecraft:acacia_log":1,"piglet_structures:spider_wand":1,"irons_spellbooks:scroll":1,"born_in_chaos_v1:gnawed_bones":1,"relics:leather_belt":2,"illagerinvasion:platinum_chunk":3,"relics:roller_skates":1,"gnumus:gnumus_claw":1,"piglet_structures:jar_of_comfitures_spider_eye":2,"piglet_structures:bananas":2,"minecraft:melon_slice":5,"beachparty:rubber_ring_pelican":1,"tombstone:grave_dust":6,"irons_spellbooks:blood_vial":4,"minecraft:bone_meal":1,"minecraft:amethyst_shard":1,"irons_spellbooks:common_ink":4,"minecraft:sand":1,"minecraft:iron_axe":1,"piglet_structures:golden_chalice":2,"piglet_structures:jar_of_floatberry_comfitures":1,"minecraft:bone":7,"minecraft:moss_carpet":1,"minecraft:goat_horn":1,"alexsmobs:tarantula_hawk_wing_fragment":2,"piglet_structures:glass_jar":2,"minecraft:wheat":30,"piglet_structures:jar_of_groundberry_comfitures":1,"born_in_chaos_v1:rotten_fish":2,"tombstone:gift":1,"piglet_structures:spider_amulet":1,"alexsmobs:rocky_chestplate":1,"minecraft:rotten_flesh":4,"minecraft:iron_boots":1,"ramcompat:tendon_lump":1,"minecraft:poppy":5,"minecraft:shield":1,"relics:magic_mirror":2,"minecraft:flower_pot":1,"born_in_chaos_v1:seedof_chaos":1,"alexscaves:primordial_tunic":1,"minecraft:melon_seeds":3,"born_in_chaos_v1:corpse_maggot":3,"apotheosis:gem":2,"minecraft:ladder":6,"relics:arrow_quiver":1,"relics:spatial_sign":1,"alexsmobs:mosquito_larva":2},"minecraft:picked_up":{"illagerinvasion:platinum_chunk":3,"minecraft:ladder":6,"minecraft:flower_pot":1,"born_in_chaos_v1:seedof_chaos":1,"gnumus:gnumus_claw":1,"minecraft:lead":1,"relics:leather_belt":1,"relics:magic_mirror":1,"minecraft:moss_carpet":1,"minecraft:iron_axe":1,"born_in_chaos_v1:gnawed_bones":1,"minecraft:poppy":5,"minecraft:melon_slice":5,"sophisticatedbackpacks:netherite_backpack":1,"minecraft:golden_helmet":1,"minecraft:stick":2,"apotheosis:gem":3,"minecraft:acacia_log":1,"tombstone:grave_dust":4,"minecraft:light_blue_bed":1,"minecraft:tnt":7,"minecraft:arrow":1,"piglet_structures:skulk_poison_flask":17,"minecraft:rotten_flesh":4,"relics:spatial_sign":1,"piglet_structures:golden_chalice":2,"piglet_structures:bananas":2,"piglet_structures:sack_of_greed":1,"born_in_chaos_v1:corpse_maggot":4,"piglet_structures:jar_of_groundberry_comfitures":1,"minecraft:oak_log":1,"lootr:trophy":1,"minecraft:bone":8,"minecraft:orange_tulip":1,"minecraft:wheat_seeds":2,"minecraft:iron_ingot":1,"relics:infinity_ham":1,"minecraft:moss_block":2,"piglet_structures:jar_of_comfitures_spider_eye":2,"piglet_structures:jar_of_floatberry_comfitures":1,"patchouli:guide_book":1,"minecraft:sculk":12,"piglet_structures:wheatbug_scales":1,"minecraft:sand":1,"minecraft:bundle":1,"alexsmobs:tarantula_hawk_wing_fragment":1,"minecraft:bone_meal":1,"minecraft:bread":1,"minecraft:emerald":6,"born_in_chaos_v1:rotten_fish":2},"minecraft:killed_by":{"minecraft:husk":1,"minecraft:player":1,"born_in_chaos_v1:nightmare_stalker":2,"minecraft:creeper":1,"minecraft:vindicator":6,"born_in_chaos_v1:spirit_guide_assistant":1,"irons_spellbooks:archevoker":3,"born_in_chaos_v1:dread_hound":1}},"DataVersion":3465}