{"stats":{"minecraft:custom":{"minecraft:time_since_rest":1635,"lootr:looted_stat":8,"minecraft:deaths":9,"minecraft:crouch_one_cm":1408,"minecraft:sprint_one_cm":18213,"minecraft:play_time":25791,"minecraft:damage_taken":2122,"minecraft:walk_one_cm":34822,"minecraft:sneak_time":414,"minecraft:mob_kills":1,"minecraft:drop":1,"minecraft:interact_with_lectern":2,"minecraft:damage_dealt_resisted":0,"minecraft:jump":224,"tombstone:raider_killed":1,"minecraft:damage_dealt":530,"minecraft:leave_game":6,"minecraft:time_since_death":1800,"minecraft:climb_one_cm":2264,"minecraft:total_world_time":25791,"minecraft:damage_resisted":0,"minecraft:fall_one_cm":4753,"minecraft:fly_one_cm":47595},"minecraft:crafted":{"minecraft:wheat":18},"minecraft:used":{"minecraft:hay_block":1,"minecraft:iron_axe":2,"minecraft:goat_horn":1,"tombstone:gift":4,"minecraft:iron_boots":1},"minecraft:killed":{"minecraft:vindicator":1},"minecraft:killed_by":{"minecraft:husk":1,"minecraft:vindicator":4,"born_in_chaos_v1:spirit_guide_assistant":1,"irons_spellbooks:archevoker":3},"minecraft:dropped":{"tombstone:grave_dust":2},"minecraft:picked_up":{"minecraft:emerald":1},"minecraft:mined":{"gravestone:gravestone":9}},"DataVersion":3465}