{"stats":{"minecraft:crafted":{"minecraft:bread":14,"tombstone:grave_key":2,"minecraft:wheat":18},"minecraft:custom":{"lootr:looted_stat":48,"minecraft:mob_kills":9,"tombstone:raider_killed":2,"minecraft:interact_with_crafting_table":4,"minecraft:bell_ring":2,"minecraft:damage_dealt_resisted":0,"minecraft:leave_game":9,"minecraft:time_since_death":34911,"minecraft:climb_one_cm":6376,"minecraft:damage_resisted":0,"minecraft:time_since_rest":34369,"minecraft:waystone_activated":1,"minecraft:sprint_one_cm":148368,"minecraft:damage_taken":3806,"minecraft:walk_one_cm":200402,"minecraft:drop":23,"minecraft:damage_dealt":2262,"minecraft:swim_one_cm":13219,"minecraft:talked_to_villager":6,"minecraft:fly_one_cm":367954,"minecraft:crouch_one_cm":5102,"minecraft:play_time":96732,"tombstone:undead_killed":2,"minecraft:deaths":12,"minecraft:sneak_time":1568,"minecraft:walk_under_water_one_cm":7658,"minecraft:boat_one_cm":24858,"minecraft:interact_with_lectern":2,"minecraft:jump":1159,"minecraft:walk_on_water_one_cm":12666,"minecraft:total_world_time":96732,"minecraft:fall_one_cm":31329},"minecraft:used":{"alexscaves:diving_leggings":1,"minecraft:shield":1,"relics:horse_flute":10,"beachparty:rubber_ring_axolotl":1,"minecraft:iron_axe":42,"minecraft:bread":12,"minecraft:iron_boots":1,"tombstone:grave_key":2,"piglet_structures:bananas":1,"alexsmobs:fedora":1,"minecraft:hay_block":1,"minecraft:goat_horn":9,"tombstone:gift":4,"beachparty:rubber_ring_pelican":1,"minecraft:experience_bottle":5},"minecraft:killed":{"minecraft:vindicator":1,"minecraft:zombie":1,"minecraft:drowned":1,"born_in_chaos_v1:corpse_fish":3,"piglet_structures:screecher":3},"minecraft:mined":{"gravestone:gravestone":9,"minecraft:light_blue_bed":1,"minecraft:grass":1,"gnumus:fragile_gnumus_jug":2,"minecraft:fern":1},"minecraft:dropped":{"minecraft:bread":59,"minecraft:moss_block":2,"minecraft:wheat":30,"alexsmobs:rocky_chestplate":1,"minecraft:lead":1,"relics:infinity_ham":1,"piglet_structures:spider_wand":1,"relics:leather_belt":1,"minecraft:shield":1,"gnumus:gnumus_claw":1,"piglet_structures:bananas":2,"minecraft:melon_seeds":3,"minecraft:melon_slice":5,"beachparty:rubber_ring_pelican":1,"tombstone:grave_dust":2,"irons_spellbooks:common_ink":4,"minecraft:bone_meal":1,"relics:arrow_quiver":1,"minecraft:bone":2},"minecraft:picked_up":{"gnumus:gnumus_claw":1,"minecraft:lead":1,"relics:leather_belt":1,"minecraft:bone":2,"relics:infinity_ham":1,"minecraft:moss_block":2,"minecraft:melon_slice":5,"sophisticatedbackpacks:netherite_backpack":1,"patchouli:guide_book":1,"minecraft:light_blue_bed":1,"minecraft:rotten_flesh":3,"minecraft:bone_meal":1,"minecraft:emerald":1,"minecraft:bread":1,"born_in_chaos_v1:rotten_fish":2,"piglet_structures:bananas":2},"minecraft:killed_by":{"minecraft:vindicator":6,"minecraft:husk":1,"born_in_chaos_v1:nightmare_stalker":1,"born_in_chaos_v1:spirit_guide_assistant":1,"irons_spellbooks:archevoker":3}},"DataVersion":3465}