{"stats":{"minecraft:crafted":{"minecraft:bread":14,"tombstone:grave_key":2,"minecraft:wheat":18},"minecraft:custom":{"lootr:looted_stat":92,"minecraft:mob_kills":52,"tombstone:raider_killed":23,"minecraft:interact_with_crafting_table":4,"minecraft:bell_ring":2,"minecraft:damage_dealt_resisted":220,"minecraft:leave_game":9,"minecraft:time_since_death":795,"minecraft:climb_one_cm":10507,"minecraft:damage_resisted":0,"minecraft:time_since_rest":106,"minecraft:waystone_activated":1,"minecraft:sprint_one_cm":245259,"minecraft:damage_taken":5767,"minecraft:walk_one_cm":359345,"minecraft:drop":58,"minecraft:damage_dealt":8496,"minecraft:swim_one_cm":13219,"minecraft:talked_to_villager":6,"minecraft:fly_one_cm":486822,"minecraft:player_kills":1,"minecraft:crouch_one_cm":6111,"minecraft:play_time":132732,"tombstone:undead_killed":5,"minecraft:deaths":14,"minecraft:sneak_time":1801,"minecraft:walk_under_water_one_cm":7658,"minecraft:boat_one_cm":24858,"minecraft:interact_with_lectern":2,"minecraft:jump":1610,"minecraft:walk_on_water_one_cm":12666,"minecraft:total_world_time":132732,"minecraft:fall_one_cm":44023},"minecraft:used":{"alexscaves:diving_leggings":1,"minecraft:shield":1,"piglet_structures:golden_chalice":1,"relics:horse_flute":17,"beachparty:rubber_ring_axolotl":1,"minecraft:iron_axe":50,"minecraft:bread":12,"alexscaves:primordial_helmet":1,"minecraft:iron_boots":1,"tombstone:grave_key":2,"piglet_structures:bananas":1,"alexsmobs:fedora":1,"minecraft:hay_block":1,"minecraft:goat_horn":9,"tombstone:gift":4,"simplyswords:runic_scythe":145,"beachparty:rubber_ring_pelican":1,"minecraft:experience_bottle":5},"minecraft:killed":{"born_in_chaos_v1:zombie_lumberjack":1,"born_in_chaos_v1:swarmer":1,"minecraft:vindicator":6,"piglet_structures:pillager_scientist":9,"born_in_chaos_v1:maggot":3,"minecraft:pillager":16,"minecraft:zombie":2,"born_in_chaos_v1:dread_hound":1,"born_in_chaos_v1:corpse_fly":4,"alexsmobs:fly":1,"minecraft:drowned":1,"born_in_chaos_v1:corpse_fish":3,"piglet_structures:screecher":3},"minecraft:mined":{"gravestone:gravestone":11,"biomesoplenty:bush":1,"minecraft:acacia_log":2,"minecraft:poppy":4,"minecraft:rose_bush":2,"biomesoplenty:sprout":5,"minecraft:light_blue_bed":1,"minecraft:grass":9,"piglet_structures:golden_chalice":1,"biomesoplenty:dead_planks":2,"gnumus:fragile_gnumus_jug":2,"minecraft:potted_orange_tulip":1,"minecraft:fern":1},"minecraft:dropped":{"alexsmobs:fedora":1,"minecraft:bread":68,"minecraft:goat_horn":1,"minecraft:moss_block":2,"minecraft:oak_log":2,"alexsmobs:tarantula_hawk_wing_fragment":2,"minecraft:wheat":30,"piglet_structures:spider_amulet":1,"tombstone:gift":1,"born_in_chaos_v1:rotten_fish":2,"minecraft:rotten_flesh":4,"minecraft:book":2,"alexsmobs:rocky_chestplate":1,"minecraft:lead":1,"relics:infinity_ham":1,"minecraft:iron_boots":1,"ramcompat:tendon_lump":1,"minecraft:acacia_log":1,"piglet_structures:spider_wand":1,"irons_spellbooks:scroll":1,"minecraft:poppy":3,"relics:magic_mirror":2,"relics:leather_belt":2,"minecraft:shield":1,"illagerinvasion:platinum_chunk":3,"relics:roller_skates":1,"alexscaves:primordial_tunic":1,"gnumus:gnumus_claw":1,"piglet_structures:bananas":2,"born_in_chaos_v1:corpse_maggot":3,"minecraft:melon_seeds":3,"minecraft:melon_slice":5,"apotheosis:gem":2,"beachparty:rubber_ring_pelican":1,"tombstone:grave_dust":2,"irons_spellbooks:blood_vial":4,"minecraft:amethyst_shard":1,"irons_spellbooks:common_ink":4,"minecraft:bone_meal":1,"relics:arrow_quiver":1,"piglet_structures:golden_chalice":2,"relics:spatial_sign":1,"alexsmobs:mosquito_larva":2,"minecraft:bone":2},"minecraft:picked_up":{"piglet_structures:sack_of_greed":1,"born_in_chaos_v1:corpse_maggot":3,"illagerinvasion:platinum_chunk":3,"minecraft:flower_pot":1,"born_in_chaos_v1:seedof_chaos":1,"gnumus:gnumus_claw":1,"minecraft:lead":1,"minecraft:oak_log":1,"relics:magic_mirror":1,"minecraft:iron_axe":1,"relics:leather_belt":1,"minecraft:bone":3,"minecraft:wheat_seeds":1,"minecraft:orange_tulip":1,"born_in_chaos_v1:gnawed_bones":1,"relics:infinity_ham":1,"minecraft:poppy":5,"minecraft:moss_block":2,"minecraft:melon_slice":5,"sophisticatedbackpacks:netherite_backpack":1,"minecraft:golden_helmet":1,"apotheosis:gem":3,"minecraft:sculk":12,"patchouli:guide_book":1,"minecraft:acacia_log":1,"tombstone:grave_dust":2,"minecraft:light_blue_bed":1,"minecraft:bundle":1,"minecraft:arrow":1,"piglet_structures:skulk_poison_flask":17,"minecraft:rotten_flesh":4,"relics:spatial_sign":1,"alexsmobs:tarantula_hawk_wing_fragment":1,"minecraft:bone_meal":1,"piglet_structures:golden_chalice":2,"minecraft:emerald":6,"minecraft:bread":1,"born_in_chaos_v1:rotten_fish":2,"piglet_structures:bananas":2},"minecraft:killed_by":{"minecraft:vindicator":6,"minecraft:husk":1,"minecraft:player":1,"born_in_chaos_v1:nightmare_stalker":1,"born_in_chaos_v1:spirit_guide_assistant":1,"irons_spellbooks:archevoker":3,"born_in_chaos_v1:dread_hound":1}},"DataVersion":3465}