{"stats":{"minecraft:crafted":{"minecraft:cooked_porkchop":1,"farmersdelight:beef_patty":5,"minecraft:cooked_mutton":4,"minecraft:air":0},"minecraft:custom":{"minecraft:interact_with_furnace":1,"lootr:looted_stat":73,"minecraft:mob_kills":13,"tombstone:raider_killed":4,"minecraft:interact_with_crafting_table":1,"minecraft:interact_with_cartography_table":1,"minecraft:damage_dealt_resisted":0,"minecraft:time_since_death":821,"minecraft:climb_one_cm":6030,"minecraft:damage_resisted":0,"minecraft:time_since_rest":94,"minecraft:waystone_activated":1,"minecraft:walk_one_cm":370371,"minecraft:sprint_one_cm":339044,"minecraft:damage_taken":2677,"minecraft:damage_absorbed":353,"minecraft:damage_blocked_by_shield":220,"minecraft:drop":19,"minecraft:damage_dealt":4304,"minecraft:swim_one_cm":553,"minecraft:fly_one_cm":353979,"minecraft:crouch_one_cm":2210,"minecraft:play_time":78265,"tombstone:undead_killed":5,"minecraft:deaths":4,"minecraft:sneak_time":310,"minecraft:walk_under_water_one_cm":166,"minecraft:jump":807,"minecraft:walk_on_water_one_cm":231,"minecraft:interact_with_smoker":2,"minecraft:total_world_time":78265,"minecraft:fall_one_cm":25375},"minecraft:used":{"farmersdelight:iron_knife":78,"minecraft:iron_shovel":3,"minecraft:acacia_log":1,"minecraft:oak_planks":3,"minecraft:shield":6,"minecraft:chainmail_chestplate":2,"piglet_structures:golden_chalice":2,"biomesoplenty:dead_planks":1,"minecraft:iron_axe":80,"piglet_structures:jar_of_groundberry_comfitures":1,"minecraft:iron_boots":1,"alexsmobs:fedora":1,"minecraft:hay_block":2,"tombstone:gift":1,"simplyswords:runic_twinblade":40,"beachparty:rubber_ring_pelican":2},"minecraft:killed":{"minecraft:husk":1,"minecraft:vindicator":3,"piglet_structures:wheatbug":2,"born_in_chaos_v1:siamese_skeletonsright":1,"born_in_chaos_v1:decrepit_skeleton":1,"minecraft:pillager":1,"minecraft:zombie":1,"born_in_chaos_v1:corpse_fly":1,"born_in_chaos_v1:siamese_skeletonsleft":1},"minecraft:mined":{"biomesoplenty:desert_grass":2,"minecraft:poppy":2,"minecraft:rose_bush":5,"minecraft:tall_grass":20,"biomesoplenty:sprout":3,"biomesoplenty:dead_grass":1,"minecraft:oak_planks":3,"minecraft:hay_block":8,"minecraft:gray_bed":1,"minecraft:tnt":4,"minecraft:grass":12,"piglet_structures:golden_chalice":1,"minecraft:oak_stairs":1},"minecraft:dropped":{"alexsmobs:maggot":1,"minecraft:wheat_seeds":2,"piglet_structures:wheatbug_scales":1,"alexsmobs:animal_dictionary":1,"piglet_structures:glass_jar":1,"minecraft:rotten_flesh":6,"minecraft:lead":1,"relics:midnight_robe":1,"farmersdelight:straw":1,"relics:horse_flute":1,"patchouli:guide_book":4,"born_in_chaos_v1:corpse_maggot":2,"minecraft:rose_bush":5,"tombstone:grave_dust":1,"minecraft:spruce_log":2},"minecraft:picked_up":{"born_in_chaos_v1:fused_bone":2,"born_in_chaos_v1:corpse_maggot":2,"minecraft:wheat":30,"minecraft:feather":1,"illagerinvasion:platinum_chunk":1,"piglet_structures:jar_of_groundberry_comfitures":1,"minecraft:lead":1,"alexsmobs:roadrunner_feather":1,"minecraft:oak_stairs":1,"biomesoplenty:dead_log":27,"minecraft:chainmail_chestplate":1,"minecraft:shield":1,"relics:magic_mirror":1,"minecraft:item_frame":4,"minecraft:bone":4,"minecraft:wheat_seeds":2,"farmersdelight:straw":1,"minecraft:rose_bush":4,"minecraft:iron_pickaxe":1,"minecraft:gray_bed":1,"minecraft:melon_slice":5,"minecraft:oak_planks":3,"apotheosis:gem":7,"alexsmobs:rocky_chestplate":1,"relics:hunter_belt":1,"minecraft:acacia_log":1,"piglet_structures:wheatbug_scales":3,"biomesoplenty:dead_planks":1,"tombstone:grave_dust":1,"minecraft:tnt":4,"beachparty:rubber_ring_pelican":1,"minecraft:arrow":2,"minecraft:rotten_flesh":6,"relics:horse_flute":1,"relics:spatial_sign":1,"minecraft:chainmail_leggings":1,"relics:arrow_quiver":1,"minecraft:hay_block":8,"minecraft:bread":93,"piglet_structures:golden_chalice":1,"minecraft:emerald":4,"simplyswords:runic_twinblade":1},"minecraft:killed_by":{"minecraft:vindicator":2,"born_in_chaos_v1:dread_hound":1}},"DataVersion":3465}