{"stats":{"minecraft:custom":{"minecraft:jump":21,"minecraft:time_since_rest":6265,"minecraft:damage_dealt":5,"minecraft:crouch_one_cm":213,"lootr:looted_stat":8,"minecraft:sprint_one_cm":6343,"minecraft:play_time":6265,"minecraft:time_since_death":6265,"minecraft:walk_one_cm":19191,"minecraft:sneak_time":26,"minecraft:total_world_time":6265,"minecraft:drop":6,"minecraft:fly_one_cm":517},"minecraft:used":{"minecraft:chainmail_chestplate":1,"minecraft:iron_boots":1},"minecraft:dropped":{"alexsmobs:animal_dictionary":1,"patchouli:guide_book":4,"relics:horse_flute":1},"minecraft:mined":{"minecraft:hay_block":8},"minecraft:picked_up":{"minecraft:chainmail_chestplate":1,"minecraft:bread":36,"relics:horse_flute":1,"minecraft:hay_block":8,"biomesoplenty:dead_log":27}},"DataVersion":3465}