{"stats":{"minecraft:crafted":{"minecraft:cooked_porkchop":1,"minecraft:air":0,"minecraft:cooked_mutton":4,"farmersdelight:beef_patty":5},"minecraft:custom":{"minecraft:time_since_rest":30265,"minecraft:damage_absorbed":56,"lootr:looted_stat":31,"minecraft:sprint_one_cm":109351,"minecraft:damage_taken":174,"minecraft:walk_one_cm":105644,"minecraft:drop":7,"minecraft:damage_dealt":1068,"minecraft:interact_with_cartography_table":1,"minecraft:fly_one_cm":25486,"minecraft:crouch_one_cm":788,"minecraft:play_time":30265,"minecraft:sneak_time":137,"minecraft:jump":169,"minecraft:time_since_death":30265,"minecraft:climb_one_cm":5114,"minecraft:total_world_time":30265,"minecraft:interact_with_smoker":1,"minecraft:fall_one_cm":3027},"minecraft:used":{"farmersdelight:iron_knife":1,"minecraft:iron_axe":16,"minecraft:iron_boots":1,"alexsmobs:fedora":1,"minecraft:chainmail_chestplate":1,"biomesoplenty:dead_planks":1,"beachparty:rubber_ring_pelican":2},"minecraft:dropped":{"alexsmobs:animal_dictionary":1,"minecraft:lead":1,"relics:horse_flute":1,"patchouli:guide_book":4},"minecraft:mined":{"minecraft:hay_block":8,"minecraft:gray_bed":1,"minecraft:grass":2},"minecraft:picked_up":{"minecraft:wheat":30,"alexsmobs:rocky_chestplate":1,"relics:hunter_belt":1,"minecraft:lead":1,"biomesoplenty:dead_log":27,"biomesoplenty:dead_planks":1,"minecraft:chainmail_chestplate":1,"minecraft:shield":1,"beachparty:rubber_ring_pelican":1,"minecraft:rotten_flesh":2,"relics:horse_flute":1,"relics:arrow_quiver":1,"minecraft:hay_block":8,"minecraft:bread":93,"minecraft:melon_slice":5,"minecraft:gray_bed":1}},"DataVersion":3465}