{"stats":{"minecraft:crafted":{"minecraft:cooked_mutton":4,"minecraft:cooked_porkchop":1,"minecraft:air":0,"farmersdelight:beef_patty":5},"minecraft:custom":{"lootr:looted_stat":169,"minecraft:mob_kills":57,"minecraft:interact_with_crafting_table":3,"minecraft:damage_dealt_resisted":913,"minecraft:leave_game":5,"minecraft:time_since_death":22317,"minecraft:climb_one_cm":26514,"minecraft:damage_resisted":0,"minecraft:sprint_one_cm":700353,"minecraft:walk_one_cm":941909,"minecraft:damage_blocked_by_shield":2542,"minecraft:drop":52,"minecraft:talked_to_villager":1,"minecraft:play_time":172470,"minecraft:deaths":5,"minecraft:sneak_time":1241,"minecraft:walk_under_water_one_cm":2958,"minecraft:jump":1392,"minecraft:walk_on_water_one_cm":11094,"minecraft:total_world_time":172470,"minecraft:interact_with_furnace":1,"tombstone:raider_killed":20,"minecraft:interact_with_cartography_table":1,"minecraft:time_since_rest":21687,"minecraft:waystone_activated":3,"minecraft:damage_taken":5592,"minecraft:damage_absorbed":503,"minecraft:damage_dealt":12364,"minecraft:swim_one_cm":13769,"minecraft:fly_one_cm":692056,"minecraft:crouch_one_cm":6375,"tombstone:undead_killed":11,"minecraft:interact_with_smoker":2,"minecraft:fall_one_cm":59148},"minecraft:used":{"minecraft:acacia_log":1,"minecraft:iron_shovel":4,"minecraft:shield":51,"minecraft:chainmail_chestplate":2,"piglet_structures:golden_chalice":2,"farmersdelight:beef_patty":4,"born_in_chaos_v1:corpse_maggot":1,"minecraft:iron_axe":95,"biomesoplenty:orange_sand":4,"minecraft:iron_boots":1,"alexsmobs:fedora":1,"minecraft:bow":7,"minecraft:hay_block":2,"tombstone:gift":5,"simplyswords:runic_twinblade":255,"minecraft:orange_terracotta":1,"farmersdelight:iron_knife":78,"minecraft:oak_planks":5,"minecraft:sandstone":16,"minecraft:cut_sandstone":1,"piglet_structures:carved_oak_log":1,"biomesoplenty:dead_planks":1,"piglet_structures:jar_of_groundberry_comfitures":1,"minecraft:spruce_trapdoor":1,"biomesoplenty:dried_salt":1,"useless_sword:ravager_sword":7,"beachparty:rubber_ring_pelican":2},"minecraft:killed":{"guardvillagers:guard":2,"minecraft:vindicator":3,"piglet_structures:wheatbug":2,"born_in_chaos_v1:siamese_skeletonsright":1,"born_in_chaos_v1:scarlet_persecutor":4,"born_in_chaos_v1:maggot":2,"minecraft:husk":1,"piglet_structures:mummy":5,"born_in_chaos_v1:decrepit_skeleton":4,"gnumus:gnumus_merchant":1,"minecraft:pillager":17,"minecraft:zombie":3,"born_in_chaos_v1:corpse_fly":3,"alexsmobs:fly":1,"born_in_chaos_v1:door_knight":1,"born_in_chaos_v1:siamese_skeletonsleft":1},"minecraft:mined":{"biomesoplenty:desert_grass":2,"biomesoplenty:dead_grass":1,"minecraft:hay_block":8,"piglet_structures:golden_chalice":1,"minecraft:oak_stairs":1,"piglet_structures:carved_oak_log":1,"biomesoplenty:orange_sand":4,"minecraft:poppy":2,"minecraft:rose_bush":5,"minecraft:tall_grass":28,"biomesoplenty:sprout":5,"minecraft:oak_planks":9,"minecraft:gray_bed":1,"minecraft:tnt":13,"minecraft:grass":15},"minecraft:dropped":{"minecraft:wheat_seeds":2,"piglet_structures:wheatbug_scales":1,"gnumus:overripe_carrot":12,"minecraft:lead":1,"relics:midnight_robe":1,"relics:horse_flute":1,"tombstone:bag_of_seeds":1,"relics:roller_skates":1,"minecraft:rose_bush":5,"tombstone:grave_dust":1,"piglet_structures:mummy_rags":6,"piglet_structures:debowiser":1,"alexsmobs:maggot":1,"alexsmobs:animal_dictionary":1,"piglet_structures:glass_jar":1,"piglet_structures:dry_flesh":7,"minecraft:rotten_flesh":11,"artifacts:villager_hat":2,"farmersdelight:straw":1,"beautify:hanging_pot":3,"minecraft:carrot":1,"patchouli:guide_book":4,"minecraft:trident":2,"minecraft:spruce_trapdoor":1,"born_in_chaos_v1:corpse_maggot":5,"apotheosis:gem":1,"minecraft:spruce_log":2,"sophisticatedbackpacks:copper_backpack":1,"minecraft:arrow":7,"minecraft:bow":1},"minecraft:picked_up":{"minecraft:wheat":30,"illagerinvasion:platinum_chunk":9,"minecraft:lead":1,"alexsmobs:roadrunner_feather":1,"minecraft:oak_stairs":1,"piglet_structures:ring_of_unpredictable_wrath":1,"minecraft:shield":1,"relics:magic_mirror":1,"minecraft:iron_axe":1,"minecraft:item_frame":4,"piglet_structures:dry_flesh":7,"gnumus:packaged_goods":1,"piglet_structures:debowiser":1,"farmersdelight:straw":1,"minecraft:rose_bush":4,"minecraft:iron_pickaxe":1,"minecraft:melon_slice":5,"minecraft:spruce_trapdoor":2,"minecraft:sandstone":16,"apotheosis:gem":9,"minecraft:acacia_log":1,"tombstone:grave_dust":1,"minecraft:trident":1,"minecraft:carrot":1,"piglet_structures:carved_oak_log":1,"minecraft:tnt":7,"minecraft:arrow":9,"minecraft:rotten_flesh":13,"artifacts:villager_hat":1,"relics:horse_flute":1,"relics:spatial_sign":1,"relics:arrow_quiver":1,"minecraft:hay_block":8,"piglet_structures:golden_chalice":1,"simplyswords:runic_twinblade":1,"sophisticatedbackpacks:copper_backpack":1,"biomesoplenty:orange_sand":4,"born_in_chaos_v1:fused_bone":2,"born_in_chaos_v1:corpse_maggot":6,"relics:roller_skates":1,"minecraft:leather_chestplate":1,"minecraft:feather":1,"biomesoplenty:dried_salt":1,"piglet_structures:jar_of_groundberry_comfitures":1,"gnumus:overripe_carrot":12,"minecraft:cut_sandstone":1,"biomesoplenty:dead_log":27,"minecraft:chainmail_chestplate":1,"minecraft:paper":1,"minecraft:orange_terracotta":1,"minecraft:bone":7,"minecraft:bow":1,"minecraft:wheat_seeds":2,"tombstone:bag_of_seeds":1,"relics:infinity_ham":1,"minecraft:gray_bed":1,"minecraft:oak_planks":5,"beautify:hanging_pot":3,"alexsmobs:rocky_chestplate":1,"relics:hunter_belt":1,"born_in_chaos_v1:ethereal_spirit":3,"piglet_structures:wheatbug_scales":3,"biomesoplenty:dead_planks":1,"piglet_structures:mummy_rags":6,"beachparty:rubber_ring_pelican":1,"minecraft:chainmail_leggings":1,"minecraft:crossbow":1,"minecraft:bread":93,"minecraft:emerald":18},"minecraft:killed_by":{"minecraft:vindicator":2,"born_in_chaos_v1:dread_hound":1}},"DataVersion":3465}