{"stats":{"minecraft:crafted":{"minecraft:cooked_porkchop":1,"farmersdelight:beef_patty":5,"minecraft:cooked_mutton":4,"minecraft:air":0},"minecraft:custom":{"lootr:looted_stat":68,"minecraft:mob_kills":10,"tombstone:raider_killed":4,"minecraft:interact_with_cartography_table":1,"minecraft:damage_dealt_resisted":0,"minecraft:time_since_death":826,"minecraft:climb_one_cm":6030,"minecraft:time_since_rest":27,"minecraft:walk_one_cm":216728,"minecraft:sprint_one_cm":229058,"minecraft:damage_taken":1759,"minecraft:damage_absorbed":353,"minecraft:drop":10,"minecraft:damage_dealt":3806,"minecraft:swim_one_cm":553,"minecraft:fly_one_cm":109398,"minecraft:crouch_one_cm":1721,"minecraft:play_time":54265,"tombstone:undead_killed":4,"minecraft:deaths":3,"minecraft:sneak_time":223,"minecraft:walk_under_water_one_cm":166,"minecraft:jump":503,"minecraft:walk_on_water_one_cm":231,"minecraft:interact_with_smoker":1,"minecraft:total_world_time":54265,"minecraft:fall_one_cm":7670},"minecraft:used":{"farmersdelight:iron_knife":68,"minecraft:acacia_log":1,"minecraft:oak_planks":3,"minecraft:chainmail_chestplate":2,"piglet_structures:golden_chalice":2,"biomesoplenty:dead_planks":1,"minecraft:iron_axe":80,"minecraft:iron_boots":1,"alexsmobs:fedora":1,"tombstone:gift":1,"simplyswords:runic_twinblade":13,"beachparty:rubber_ring_pelican":2},"minecraft:killed":{"minecraft:husk":1,"minecraft:vindicator":3,"born_in_chaos_v1:siamese_skeletonsright":1,"born_in_chaos_v1:decrepit_skeleton":1,"minecraft:pillager":1,"born_in_chaos_v1:corpse_fly":1,"born_in_chaos_v1:siamese_skeletonsleft":1},"minecraft:mined":{"minecraft:poppy":2,"minecraft:rose_bush":5,"minecraft:tall_grass":1,"biomesoplenty:sprout":3,"minecraft:oak_planks":3,"minecraft:hay_block":8,"minecraft:gray_bed":1,"minecraft:tnt":4,"minecraft:grass":8,"piglet_structures:golden_chalice":1,"minecraft:oak_stairs":1},"minecraft:dropped":{"alexsmobs:animal_dictionary":1,"minecraft:lead":1,"relics:midnight_robe":1,"relics:horse_flute":1,"patchouli:guide_book":4,"born_in_chaos_v1:corpse_maggot":2,"minecraft:rose_bush":3},"minecraft:picked_up":{"born_in_chaos_v1:fused_bone":2,"born_in_chaos_v1:corpse_maggot":2,"minecraft:wheat":30,"illagerinvasion:platinum_chunk":1,"minecraft:lead":1,"minecraft:oak_stairs":1,"biomesoplenty:dead_log":27,"minecraft:chainmail_chestplate":1,"minecraft:shield":1,"minecraft:item_frame":4,"minecraft:bone":4,"farmersdelight:straw":1,"minecraft:rose_bush":4,"minecraft:gray_bed":1,"minecraft:melon_slice":5,"minecraft:oak_planks":3,"apotheosis:gem":7,"alexsmobs:rocky_chestplate":1,"relics:hunter_belt":1,"minecraft:acacia_log":1,"biomesoplenty:dead_planks":1,"minecraft:tnt":4,"beachparty:rubber_ring_pelican":1,"minecraft:arrow":2,"minecraft:rotten_flesh":3,"relics:horse_flute":1,"relics:arrow_quiver":1,"minecraft:hay_block":8,"minecraft:bread":93,"piglet_structures:golden_chalice":1,"minecraft:emerald":4,"simplyswords:runic_twinblade":1},"minecraft:killed_by":{"minecraft:vindicator":2,"born_in_chaos_v1:dread_hound":1}},"DataVersion":3465}