{"stats":{"minecraft:crafted":{"minecraft:cooked_porkchop":1,"minecraft:air":0,"minecraft:cooked_mutton":4,"farmersdelight:beef_patty":5},"minecraft:custom":{"minecraft:time_since_rest":3210,"minecraft:damage_absorbed":154,"lootr:looted_stat":47,"minecraft:sprint_one_cm":191423,"minecraft:damage_taken":874,"minecraft:walk_one_cm":140420,"minecraft:mob_kills":8,"minecraft:drop":7,"tombstone:raider_killed":3,"minecraft:damage_dealt":2386,"minecraft:swim_one_cm":553,"minecraft:interact_with_cartography_table":1,"minecraft:fly_one_cm":83395,"minecraft:crouch_one_cm":873,"minecraft:deaths":1,"minecraft:play_time":42265,"tombstone:undead_killed":3,"minecraft:sneak_time":164,"minecraft:walk_under_water_one_cm":166,"minecraft:jump":394,"minecraft:walk_on_water_one_cm":231,"minecraft:time_since_death":5609,"minecraft:climb_one_cm":5114,"minecraft:total_world_time":42265,"minecraft:interact_with_smoker":1,"minecraft:fall_one_cm":6339},"minecraft:used":{"farmersdelight:iron_knife":45,"minecraft:iron_axe":45,"minecraft:iron_boots":1,"alexsmobs:fedora":1,"minecraft:chainmail_chestplate":2,"biomesoplenty:dead_planks":1,"beachparty:rubber_ring_pelican":2},"minecraft:killed":{"minecraft:pillager":1,"born_in_chaos_v1:corpse_fly":1,"minecraft:vindicator":2,"born_in_chaos_v1:siamese_skeletonsright":1,"born_in_chaos_v1:siamese_skeletonsleft":1,"born_in_chaos_v1:decrepit_skeleton":1},"minecraft:dropped":{"alexsmobs:animal_dictionary":1,"minecraft:lead":1,"relics:horse_flute":1,"patchouli:guide_book":4},"minecraft:mined":{"minecraft:hay_block":8,"minecraft:gray_bed":1,"minecraft:tnt":4,"minecraft:grass":2,"minecraft:oak_stairs":1,"minecraft:rose_bush":3,"minecraft:oak_planks":3},"minecraft:picked_up":{"born_in_chaos_v1:fused_bone":2,"born_in_chaos_v1:corpse_maggot":2,"apotheosis:gem":7,"minecraft:wheat":30,"alexsmobs:rocky_chestplate":1,"relics:hunter_belt":1,"minecraft:lead":1,"minecraft:oak_stairs":1,"biomesoplenty:dead_log":27,"biomesoplenty:dead_planks":1,"minecraft:chainmail_chestplate":1,"minecraft:shield":1,"minecraft:tnt":4,"minecraft:item_frame":4,"beachparty:rubber_ring_pelican":1,"minecraft:arrow":2,"minecraft:bone":4,"minecraft:rotten_flesh":2,"relics:horse_flute":1,"relics:arrow_quiver":1,"minecraft:hay_block":8,"minecraft:emerald":1,"minecraft:rose_bush":3,"minecraft:oak_planks":3,"minecraft:bread":93,"minecraft:melon_slice":5,"minecraft:gray_bed":1},"minecraft:killed_by":{"minecraft:vindicator":1}},"DataVersion":3465}