{"stats":{"minecraft:crafted":{"minecraft:cooked_porkchop":1,"farmersdelight:beef_patty":5,"minecraft:cooked_mutton":4,"minecraft:air":0},"minecraft:custom":{"minecraft:interact_with_furnace":1,"lootr:looted_stat":153,"minecraft:mob_kills":44,"tombstone:raider_killed":20,"minecraft:interact_with_crafting_table":3,"minecraft:interact_with_cartography_table":1,"minecraft:damage_dealt_resisted":136,"minecraft:leave_game":4,"minecraft:time_since_death":63244,"minecraft:climb_one_cm":17083,"minecraft:damage_resisted":0,"minecraft:time_since_rest":62517,"minecraft:waystone_activated":2,"minecraft:damage_absorbed":503,"minecraft:sprint_one_cm":603537,"minecraft:damage_taken":4405,"minecraft:walk_one_cm":784764,"minecraft:damage_blocked_by_shield":1555,"minecraft:drop":43,"minecraft:damage_dealt":9657,"minecraft:swim_one_cm":553,"minecraft:fly_one_cm":584675,"minecraft:crouch_one_cm":5026,"minecraft:play_time":140688,"minecraft:sneak_time":850,"tombstone:undead_killed":7,"minecraft:deaths":4,"minecraft:walk_under_water_one_cm":453,"minecraft:jump":1172,"minecraft:walk_on_water_one_cm":1475,"minecraft:total_world_time":140688,"minecraft:interact_with_smoker":2,"minecraft:fall_one_cm":42750},"minecraft:used":{"farmersdelight:iron_knife":78,"minecraft:iron_shovel":4,"minecraft:acacia_log":1,"minecraft:oak_planks":3,"minecraft:shield":39,"minecraft:sandstone":16,"minecraft:cut_sandstone":1,"piglet_structures:carved_oak_log":1,"minecraft:chainmail_chestplate":2,"piglet_structures:golden_chalice":2,"biomesoplenty:dead_planks":1,"farmersdelight:beef_patty":4,"born_in_chaos_v1:corpse_maggot":1,"minecraft:iron_axe":90,"piglet_structures:jar_of_groundberry_comfitures":1,"minecraft:spruce_trapdoor":1,"minecraft:iron_boots":1,"alexsmobs:fedora":1,"biomesoplenty:dried_salt":1,"minecraft:bow":2,"minecraft:hay_block":2,"tombstone:gift":3,"simplyswords:runic_twinblade":173,"minecraft:orange_terracotta":1,"beachparty:rubber_ring_pelican":2},"minecraft:killed":{"minecraft:husk":1,"piglet_structures:mummy":5,"minecraft:vindicator":3,"piglet_structures:wheatbug":2,"born_in_chaos_v1:siamese_skeletonsright":1,"born_in_chaos_v1:decrepit_skeleton":2,"gnumus:gnumus_merchant":1,"minecraft:pillager":17,"minecraft:zombie":2,"born_in_chaos_v1:corpse_fly":3,"alexsmobs:fly":1,"born_in_chaos_v1:siamese_skeletonsleft":1},"minecraft:dropped":{"alexsmobs:maggot":1,"minecraft:wheat_seeds":2,"piglet_structures:wheatbug_scales":1,"gnumus:overripe_carrot":12,"alexsmobs:animal_dictionary":1,"piglet_structures:glass_jar":1,"piglet_structures:dry_flesh":7,"minecraft:rotten_flesh":7,"minecraft:lead":1,"artifacts:villager_hat":2,"relics:midnight_robe":1,"farmersdelight:straw":1,"relics:horse_flute":1,"beautify:hanging_pot":3,"patchouli:guide_book":4,"minecraft:spruce_trapdoor":1,"born_in_chaos_v1:corpse_maggot":5,"minecraft:rose_bush":5,"apotheosis:gem":1,"piglet_structures:mummy_rags":6,"tombstone:grave_dust":1,"minecraft:spruce_log":2,"sophisticatedbackpacks:copper_backpack":1,"minecraft:arrow":6},"minecraft:mined":{"piglet_structures:carved_oak_log":1,"biomesoplenty:desert_grass":2,"minecraft:poppy":2,"minecraft:rose_bush":5,"minecraft:tall_grass":28,"biomesoplenty:sprout":5,"minecraft:oak_planks":7,"biomesoplenty:dead_grass":1,"minecraft:hay_block":8,"minecraft:gray_bed":1,"minecraft:tnt":10,"minecraft:grass":15,"piglet_structures:golden_chalice":1,"minecraft:oak_stairs":1},"minecraft:picked_up":{"born_in_chaos_v1:fused_bone":2,"born_in_chaos_v1:corpse_maggot":6,"minecraft:wheat":30,"minecraft:feather":1,"illagerinvasion:platinum_chunk":9,"gnumus:overripe_carrot":12,"minecraft:cut_sandstone":1,"biomesoplenty:dried_salt":1,"piglet_structures:jar_of_groundberry_comfitures":1,"minecraft:lead":1,"minecraft:oak_stairs":1,"alexsmobs:roadrunner_feather":1,"biomesoplenty:dead_log":27,"minecraft:chainmail_chestplate":1,"piglet_structures:ring_of_unpredictable_wrath":1,"minecraft:shield":1,"minecraft:paper":1,"relics:magic_mirror":1,"minecraft:iron_axe":1,"minecraft:orange_terracotta":1,"minecraft:item_frame":4,"minecraft:bone":4,"piglet_structures:dry_flesh":7,"minecraft:wheat_seeds":2,"gnumus:packaged_goods":1,"farmersdelight:straw":1,"minecraft:rose_bush":4,"relics:infinity_ham":1,"minecraft:iron_pickaxe":1,"minecraft:gray_bed":1,"minecraft:melon_slice":5,"minecraft:oak_planks":3,"minecraft:spruce_trapdoor":2,"beautify:hanging_pot":3,"minecraft:sandstone":16,"apotheosis:gem":8,"alexsmobs:rocky_chestplate":1,"relics:hunter_belt":1,"minecraft:acacia_log":1,"piglet_structures:wheatbug_scales":3,"biomesoplenty:dead_planks":1,"tombstone:grave_dust":1,"piglet_structures:mummy_rags":6,"piglet_structures:carved_oak_log":1,"minecraft:tnt":4,"beachparty:rubber_ring_pelican":1,"minecraft:arrow":8,"minecraft:rotten_flesh":7,"artifacts:villager_hat":1,"relics:horse_flute":1,"relics:spatial_sign":1,"minecraft:chainmail_leggings":1,"relics:arrow_quiver":1,"minecraft:hay_block":8,"piglet_structures:golden_chalice":1,"minecraft:emerald":18,"minecraft:bread":93,"simplyswords:runic_twinblade":1,"sophisticatedbackpacks:copper_backpack":1},"minecraft:killed_by":{"minecraft:vindicator":2,"born_in_chaos_v1:dread_hound":1}},"DataVersion":3465}