{"stats":{"minecraft:crafted":{"minecraft:cooked_porkchop":1,"minecraft:cooked_mutton":4,"farmersdelight:beef_patty":5,"minecraft:air":0},"minecraft:custom":{"minecraft:time_since_rest":18265,"minecraft:damage_taken":10,"minecraft:crouch_one_cm":291,"minecraft:play_time":18265,"lootr:looted_stat":24,"minecraft:sprint_one_cm":23599,"minecraft:walk_one_cm":42427,"minecraft:sneak_time":34,"minecraft:drop":7,"minecraft:jump":51,"minecraft:damage_dealt":10,"minecraft:time_since_death":18265,"minecraft:interact_with_smoker":1,"minecraft:total_world_time":18265,"minecraft:climb_one_cm":1375,"minecraft:fall_one_cm":759,"minecraft:fly_one_cm":3734},"minecraft:used":{"minecraft:chainmail_chestplate":1,"beachparty:rubber_ring_pelican":1,"minecraft:iron_boots":1,"alexsmobs:fedora":1},"minecraft:mined":{"minecraft:hay_block":8},"minecraft:dropped":{"minecraft:lead":1,"relics:horse_flute":1,"alexsmobs:animal_dictionary":1,"patchouli:guide_book":4},"minecraft:picked_up":{"minecraft:wheat":30,"beachparty:rubber_ring_pelican":1,"alexsmobs:rocky_chestplate":1,"relics:hunter_belt":1,"minecraft:lead":1,"relics:horse_flute":1,"relics:arrow_quiver":1,"biomesoplenty:dead_log":27,"minecraft:hay_block":8,"minecraft:chainmail_chestplate":1,"minecraft:bread":93,"minecraft:shield":1,"minecraft:melon_slice":5}},"DataVersion":3465}