{
  "morevillagers:root": {
    "criteria": {
      "always": "2024-08-15 00:54:59 +0000"
    },
    "done": true
  },
  "simplyswords:grant_book_on_first_join": {
    "criteria": {
      "tick": "2024-08-15 00:54:59 +0000"
    },
    "done": true
  },
  "minecraft:recipes/decorations/crafting_table": {
    "criteria": {
      "unlock_right_away": "2024-08-15 00:54:59 +0000"
    },
    "done": true
  },
  "beautify:progression/root": {
    "criteria": {
      "Install": "2024-08-15 00:54:59 +0000"
    },
    "done": true
  },
  "mowziesmobs:root": {
    "criteria": {
      "custom_test_name": "2024-08-15 00:54:59 +0000"
    },
    "done": true
  },
  "irons_spellbooks:grant_patchouli": {
    "criteria": {
      "tick": "2024-08-15 00:54:59 +0000"
    },
    "done": true
  },
  "bakery:main/root": {
    "criteria": {
      "seeds": "2024-08-15 00:54:59 +0000"
    },
    "done": true
  },
  "nethers_exoticism:nethers_exoticism_adv": {
    "criteria": {
      "nethers_exoticism_adv": "2024-08-15 00:54:59 +0000"
    },
    "done": true
  },
  "born_in_chaos_v1:bornin_chaos": {
    "criteria": {
      "bornin_chaos_0": "2024-08-15 00:54:59 +0000"
    },
    "done": true
  },
  "cosmeticarmoursmod:grant_book_on_first_join": {
    "criteria": {
      "tick": "2024-08-15 00:54:59 +0000"
    },
    "done": true
  },
  "piglet_structures:piglet_structures_advancement": {
    "criteria": {
      "piglet_structures_advancement_0": "2024-08-15 00:54:59 +0000"
    },
    "done": true
  },
  "lootr:root": {
    "criteria": {
      "always_true": "2024-08-15 00:54:59 +0000"
    },
    "done": true
  },
  "cataclysm:root": {
    "criteria": {
      "custom_test_name": "2024-08-15 00:54:59 +0000"
    },
    "done": true
  },
  "vinery:main/root": {
    "criteria": {
      "seeds": "2024-08-15 00:54:59 +0000"
    },
    "done": true
  },
  "farmersdelight:main/root": {
    "criteria": {
      "seeds": "2024-08-15 00:54:59 +0000"
    },
    "done": true
  },
  "brewery:main/root": {
    "criteria": {
      "seeds": "2024-08-15 00:54:59 +0000"
    },
    "done": true
  },
  "apotheosis:give_book": {
    "criteria": {
      "tick": "2024-08-15 00:54:59 +0000"
    },
    "done": true
  },
  "cosmeticarmoursmod:cosmetic_armours_achievement": {
    "criteria": {
      "cosmetic_armours_achievement_0": "2024-08-15 00:54:59 +0000"
    },
    "done": true
  },
  "biomesoplenty:biomesoplenty/root": {
    "criteria": {
      "wasteland": "2024-08-15 00:55:00 +0000"
    },
    "done": true
  },
  "tombstone:adventure/root": {
    "criteria": {
      "auto": "2024-08-15 00:55:00 +0000"
    },
    "done": true
  },
  "biomesoplenty:biomesoplenty/all_biomes": {
    "criteria": {
      "wasteland": "2024-08-15 00:55:00 +0000"
    },
    "done": false
  },
  "tombstone:adventure/first_grave": {
    "criteria": {
      "coded_trigger": "2024-08-15 01:18:26 +0000"
    },
    "done": true
  },
  "minecraft:adventure/root": {
    "criteria": {
      "killed_by_something": "2024-08-15 01:18:26 +0000"
    },
    "done": true
  },
  "tombstone:recipes/from_grave_key": {
    "criteria": {
      "has_ingredient": "2024-08-15 01:19:55 +0000"
    },
    "done": true
  },
  "minecraft:adventure/adventuring_time": {
    "criteria": {
      "minecraft:desert": "2024-08-15 01:52:20 +0000",
      "minecraft:warm_ocean": "2024-08-15 02:05:25 +0000"
    },
    "done": false
  },
  "refurbished_furniture:recipes/misc/constructing/purple_stool": {
    "criteria": {
      "has_wheat": "2024-08-15 02:09:08 +0000"
    },
    "done": true
  },
  "iammusicplayer:recipes/misc/music_manager": {
    "criteria": {
      "has_diamond": "2024-08-15 02:07:20 +0000"
    },
    "done": true
  },
  "refurbished_furniture:recipes/misc/constructing/green_stool": {
    "criteria": {
      "has_wheat": "2024-08-15 02:09:08 +0000"
    },
    "done": true
  },
  "minecraft:recipes/building_blocks/raw_iron_block": {
    "criteria": {
      "has_raw_iron": "2024-08-15 02:07:24 +0000"
    },
    "done": true
  },
  "minecraft:recipes/combat/diamond_sword": {
    "criteria": {
      "has_diamond": "2024-08-15 02:07:20 +0000"
    },
    "done": true
  },
  "minecraft:recipes/decorations/jukebox": {
    "criteria": {
      "has_diamond": "2024-08-15 02:07:20 +0000"
    },
    "done": true
  },
  "minecraft:recipes/combat/diamond_chestplate": {
    "criteria": {
      "has_diamond": "2024-08-15 02:07:20 +0000"
    },
    "done": true
  },
  "cfm:recipes/decorations/diving_board": {
    "criteria": {
      "has_wheat": "2024-08-15 02:09:08 +0000"
    },
    "done": true
  },
  "refurbished_furniture:recipes/misc/constructing/yellow_sofa": {
    "criteria": {
      "has_wheat": "2024-08-15 02:09:08 +0000"
    },
    "done": true
  },
  "refurbished_furniture:recipes/misc/constructing/orange_sofa": {
    "criteria": {
      "has_wheat": "2024-08-15 02:09:08 +0000"
    },
    "done": true
  },
  "minecraft:recipes/decorations/chest": {
    "criteria": {
      "has_lots_of_items": "2024-08-15 02:08:20 +0000"
    },
    "done": true
  },
  "minecraft:recipes/tools/diamond_pickaxe": {
    "criteria": {
      "has_diamond": "2024-08-15 02:07:20 +0000"
    },
    "done": true
  },
  "minecraft:adventure/kill_all_mobs": {
    "criteria": {
      "minecraft:vindicator": "2024-08-15 02:08:16 +0000"
    },
    "done": false
  },
  "refurbished_furniture:recipes/misc/constructing/magenta_stool": {
    "criteria": {
      "has_wheat": "2024-08-15 02:09:08 +0000"
    },
    "done": true
  },
  "minecraft:recipes/food/bread": {
    "criteria": {
      "has_wheat": "2024-08-15 02:09:08 +0000"
    },
    "done": true
  },
  "tombstone:adventure/cancel_ghostly_shape": {
    "criteria": {
      "coded_trigger": "2024-08-15 02:05:05 +0000"
    },
    "done": true
  },
  "minecraft:recipes/building_blocks/hay_block": {
    "criteria": {
      "has_wheat": "2024-08-15 02:09:08 +0000"
    },
    "done": true
  },
  "minecraft:recipes/redstone/target": {
    "criteria": {
      "has_hay_block": "2024-08-15 02:09:07 +0000"
    },
    "done": true
  },
  "minecraft:recipes/tools/diamond_hoe": {
    "criteria": {
      "has_diamond": "2024-08-15 02:07:20 +0000"
    },
    "done": true
  },
  "minecraft:recipes/tools/diamond_shovel": {
    "criteria": {
      "has_diamond": "2024-08-15 02:07:20 +0000"
    },
    "done": true
  },
  "tombstone:adventure/first_knowledge": {
    "criteria": {
      "coded_trigger": "2024-08-15 02:05:43 +0000"
    },
    "done": true
  },
  "refurbished_furniture:recipes/misc/constructing/red_sofa": {
    "criteria": {
      "has_wheat": "2024-08-15 02:09:08 +0000"
    },
    "done": true
  },
  "alexsmobs:alexsmobs/crimson_mosquito_larva": {
    "criteria": {
      "rat_upgrade_basic": "2024-08-15 02:12:35 +0000"
    },
    "done": true
  },
  "refurbished_furniture:recipes/misc/constructing/lime_stool": {
    "criteria": {
      "has_wheat": "2024-08-15 02:09:08 +0000"
    },
    "done": true
  },
  "lootr:social": {
    "criteria": {
      "opened_barrel": "2024-08-15 02:09:05 +0000",
      "opened_chest": "2024-08-15 02:07:17 +0000"
    },
    "done": false
  },
  "refurbished_furniture:recipes/misc/constructing/light_gray_sofa": {
    "criteria": {
      "has_wheat": "2024-08-15 02:09:08 +0000"
    },
    "done": true
  },
  "apotheosis:affix/rare": {
    "criteria": {
      "sword": "2024-08-15 02:11:26 +0000"
    },
    "done": true
  },
  "minecraft:recipes/combat/diamond_helmet": {
    "criteria": {
      "has_diamond": "2024-08-15 02:07:20 +0000"
    },
    "done": true
  },
  "lootr:1barrel": {
    "criteria": {
      "opened_barrel": "2024-08-15 02:09:05 +0000"
    },
    "done": true
  },
  "advancednetherite:recipes/misc/netherite_diamond_ingot": {
    "criteria": {
      "has_TagKey[minecraft:item / forge:gems/diamond]": "2024-08-15 02:07:20 +0000"
    },
    "done": true
  },
  "minecraft:recipes/misc/iron_ingot_from_blasting_raw_iron": {
    "criteria": {
      "has_raw_iron": "2024-08-15 02:07:24 +0000"
    },
    "done": true
  },
  "refurbished_furniture:recipes/misc/constructing/magenta_sofa": {
    "criteria": {
      "has_wheat": "2024-08-15 02:09:08 +0000"
    },
    "done": true
  },
  "tombstone:recipes/from_grave_dust": {
    "criteria": {
      "has_ingredient": "2024-08-15 02:05:07 +0000"
    },
    "done": true
  },
  "minecraft:recipes/building_blocks/diamond_block": {
    "criteria": {
      "has_diamond": "2024-08-15 02:07:20 +0000"
    },
    "done": true
  },
  "refurbished_furniture:recipes/misc/constructing/cyan_stool": {
    "criteria": {
      "has_wheat": "2024-08-15 02:09:08 +0000"
    },
    "done": true
  },
  "farmersdelight:recipes/food/pie_crust": {
    "criteria": {
      "has_wheat": "2024-08-15 02:09:08 +0000"
    },
    "done": true
  },
  "refurbished_furniture:recipes/misc/constructing/green_sofa": {
    "criteria": {
      "has_wheat": "2024-08-15 02:09:08 +0000"
    },
    "done": true
  },
  "minecraft:story/mine_diamond": {
    "criteria": {
      "diamond": "2024-08-15 02:07:20 +0000"
    },
    "done": true
  },
  "cfm:recipes/decorations/door_mat": {
    "criteria": {
      "has_wheat": "2024-08-15 02:09:08 +0000"
    },
    "done": true
  },
  "farmersdelight:recipes/combat/diamond_knife": {
    "criteria": {
      "has_diamond": "2024-08-15 02:07:20 +0000"
    },
    "done": true
  },
  "lootr:1chest": {
    "criteria": {
      "opened_chest": "2024-08-15 02:07:17 +0000"
    },
    "done": true
  },
  "refurbished_furniture:recipes/misc/constructing/blue_stool": {
    "criteria": {
      "has_wheat": "2024-08-15 02:09:08 +0000"
    },
    "done": true
  },
  "minecraft:story/obtain_armor": {
    "criteria": {
      "iron_boots": "2024-08-15 02:11:26 +0000"
    },
    "done": true
  },
  "refurbished_furniture:recipes/misc/constructing/brown_stool": {
    "criteria": {
      "has_wheat": "2024-08-15 02:09:08 +0000"
    },
    "done": true
  },
  "minecraft:recipes/combat/diamond_leggings": {
    "criteria": {
      "has_diamond": "2024-08-15 02:07:20 +0000"
    },
    "done": true
  },
  "vinery:recipes/basket": {
    "criteria": {
      "has_wheat": "2024-08-15 02:09:08 +0000"
    },
    "done": true
  },
  "refurbished_furniture:recipes/misc/constructing/orange_stool": {
    "criteria": {
      "has_wheat": "2024-08-15 02:09:08 +0000"
    },
    "done": true
  },
  "minecraft:recipes/misc/iron_nugget_from_smelting": {
    "criteria": {
      "has_iron_axe": "2024-08-15 02:11:06 +0000"
    },
    "done": true
  },
  "farmersdelight:recipes/food/wheat_dough_from_eggs": {
    "criteria": {
      "has_wheat": "2024-08-15 02:09:08 +0000"
    },
    "done": true
  },
  "beachparty:beach_hat": {
    "criteria": {
      "has_wheat": "2024-08-15 02:09:08 +0000"
    },
    "done": true
  },
  "irons_spellbooks:irons_spellbooks/ink_root": {
    "criteria": {
      "requirement": "2024-08-15 02:07:27 +0000"
    },
    "done": true
  },
  "refurbished_furniture:recipes/misc/constructing/pink_sofa": {
    "criteria": {
      "has_wheat": "2024-08-15 02:09:08 +0000"
    },
    "done": true
  },
  "minecraft:recipes/building_blocks/emerald_block": {
    "criteria": {
      "has_emerald": "2024-08-15 02:07:21 +0000"
    },
    "done": true
  },
  "refurbished_furniture:recipes/misc/constructing/lime_sofa": {
    "criteria": {
      "has_wheat": "2024-08-15 02:09:08 +0000"
    },
    "done": true
  },
  "farmersdelight:recipes/food/wheat_dough_from_water": {
    "criteria": {
      "has_wheat": "2024-08-15 02:09:08 +0000"
    },
    "done": true
  },
  "advancednetherite:recipes/misc/netherite_emerald_ingot": {
    "criteria": {
      "has_TagKey[minecraft:item / forge:gems/emerald]": "2024-08-15 02:07:21 +0000"
    },
    "done": true
  },
  "apotheosis:affix/root": {
    "criteria": {
      "sword": "2024-08-15 02:07:18 +0000"
    },
    "done": true
  },
  "tombstone:adventure/chain_death": {
    "criteria": {
      "coded_trigger": "2024-08-15 02:05:43 +0000"
    },
    "done": true
  },
  "refurbished_furniture:recipes/misc/constructing/brown_sofa": {
    "criteria": {
      "has_wheat": "2024-08-15 02:09:08 +0000"
    },
    "done": true
  },
  "refurbished_furniture:recipes/misc/constructing/door_mat": {
    "criteria": {
      "has_wheat": "2024-08-15 02:09:08 +0000"
    },
    "done": true
  },
  "apotheosis:affix/chests": {
    "criteria": {
      "sword": "2024-08-15 02:07:18 +0000"
    },
    "done": true
  },
  "refurbished_furniture:recipes/misc/constructing/blue_sofa": {
    "criteria": {
      "has_wheat": "2024-08-15 02:09:08 +0000"
    },
    "done": true
  },
  "refurbished_furniture:recipes/misc/constructing/light_blue_stool": {
    "criteria": {
      "has_wheat": "2024-08-15 02:09:08 +0000"
    },
    "done": true
  },
  "minecraft:recipes/combat/diamond_boots": {
    "criteria": {
      "has_diamond": "2024-08-15 02:07:20 +0000"
    },
    "done": true
  },
  "refurbished_furniture:recipes/misc/constructing/red_stool": {
    "criteria": {
      "has_wheat": "2024-08-15 02:09:08 +0000"
    },
    "done": true
  },
  "refurbished_furniture:recipes/misc/constructing/light_blue_sofa": {
    "criteria": {
      "has_wheat": "2024-08-15 02:09:08 +0000"
    },
    "done": true
  },
  "refurbished_furniture:recipes/misc/constructing/black_sofa": {
    "criteria": {
      "has_wheat": "2024-08-15 02:09:08 +0000"
    },
    "done": true
  },
  "minecraft:recipes/misc/iron_ingot_from_smelting_raw_iron": {
    "criteria": {
      "has_raw_iron": "2024-08-15 02:07:24 +0000"
    },
    "done": true
  },
  "refurbished_furniture:recipes/misc/constructing/purple_sofa": {
    "criteria": {
      "has_wheat": "2024-08-15 02:09:08 +0000"
    },
    "done": true
  },
  "vinery:recipes/straw_hat": {
    "criteria": {
      "has_wheat": "2024-08-15 02:09:08 +0000"
    },
    "done": true
  },
  "tombstone:adventure/ambush": {
    "criteria": {
      "coded_trigger": "2024-08-15 02:08:16 +0000"
    },
    "done": true
  },
  "refurbished_furniture:recipes/misc/constructing/light_gray_stool": {
    "criteria": {
      "has_wheat": "2024-08-15 02:09:08 +0000"
    },
    "done": true
  },
  "refurbished_furniture:recipes/misc/constructing/white_stool": {
    "criteria": {
      "has_wheat": "2024-08-15 02:09:08 +0000"
    },
    "done": true
  },
  "refurbished_furniture:recipes/misc/constructing/yellow_stool": {
    "criteria": {
      "has_wheat": "2024-08-15 02:09:08 +0000"
    },
    "done": true
  },
  "refurbished_furniture:recipes/misc/constructing/gray_stool": {
    "criteria": {
      "has_wheat": "2024-08-15 02:09:08 +0000"
    },
    "done": true
  },
  "refurbished_furniture:recipes/misc/constructing/white_sofa": {
    "criteria": {
      "has_wheat": "2024-08-15 02:09:08 +0000"
    },
    "done": true
  },
  "minecraft:recipes/misc/iron_nugget_from_blasting": {
    "criteria": {
      "has_iron_axe": "2024-08-15 02:11:06 +0000"
    },
    "done": true
  },
  "minecraft:adventure/kill_a_mob": {
    "criteria": {
      "minecraft:vindicator": "2024-08-15 02:08:16 +0000"
    },
    "done": true
  },
  "refurbished_furniture:recipes/misc/constructing/cyan_sofa": {
    "criteria": {
      "has_wheat": "2024-08-15 02:09:08 +0000"
    },
    "done": true
  },
  "minecraft:recipes/misc/wheat": {
    "criteria": {
      "has_hay_block": "2024-08-15 02:09:07 +0000"
    },
    "done": true
  },
  "brewery:recipes/rope": {
    "criteria": {
      "has_wheat": "2024-08-15 02:09:08 +0000"
    },
    "done": true
  },
  "refurbished_furniture:recipes/misc/constructing/black_stool": {
    "criteria": {
      "has_wheat": "2024-08-15 02:09:08 +0000"
    },
    "done": true
  },
  "brewery:recipes/pretzel": {
    "criteria": {
      "has_wheat": "2024-08-15 02:09:08 +0000"
    },
    "done": true
  },
  "minecraft:recipes/tools/diamond_axe": {
    "criteria": {
      "has_diamond": "2024-08-15 02:07:20 +0000"
    },
    "done": true
  },
  "brewery:recipes/gingerbread": {
    "criteria": {
      "has_wheat": "2024-08-15 02:09:08 +0000"
    },
    "done": true
  },
  "refurbished_furniture:recipes/misc/constructing/gray_sofa": {
    "criteria": {
      "has_wheat": "2024-08-15 02:09:08 +0000"
    },
    "done": true
  },
  "refurbished_furniture:recipes/misc/constructing/pink_stool": {
    "criteria": {
      "has_wheat": "2024-08-15 02:09:08 +0000"
    },
    "done": true
  },
  "DataVersion": 3465
}